date,time,home_team,away_team,participants,home_score,away_score,match_link,season,competition
26.07.2014,14:00,SC Weiche Flensburg 08,St. Pauli II,812,0,0,/spielbericht/index/spielbericht/2463631,2014,Regionalliga Nord
02.08.2014,13:00,Hannover 96 II,SC Weiche Flensburg 08,1.100,1,0,/spielbericht/index/spielbericht/2471366,2014,Regionalliga Nord
10.08.2014,14:00,SC Weiche Flensburg 08,VfR Neumünster,1.018,1,0,/spielbericht/index/spielbericht/2471376,2014,Regionalliga Nord
16.08.2014,14:00,Hamburger SV II,SC Weiche Flensburg 08,370,3,1,/spielbericht/index/spielbericht/2471392,2014,Regionalliga Nord
24.08.2014,14:00,SC Weiche Flensburg 08,SV Meppen,546,0,1,/spielbericht/index/spielbericht/2485667,2014,Regionalliga Nord
31.08.2014,14:00,TSV Havelse,SC Weiche Flensburg 08,401,2,0,/spielbericht/index/spielbericht/2485681,2014,Regionalliga Nord
07.09.2014,14:00,SC Weiche Flensburg 08,VfB Lübeck,945,1,1,/spielbericht/index/spielbericht/2485686,2014,Regionalliga Nord
14.09.2014,14:00,Goslarer SC,SC Weiche Flensburg 08,280,0,0,/spielbericht/index/spielbericht/2486141,2014,Regionalliga Nord
20.09.2014,14:00,SC Weiche Flensburg 08,E. Norderstedt,371,1,1,/spielbericht/index/spielbericht/2486146,2014,Regionalliga Nord
28.09.2014,14:00,SC Weiche Flensburg 08,VfB Oldenburg,548,2,3,/spielbericht/index/spielbericht/2486160,2014,Regionalliga Nord
04.10.2014,14:00,SC Weiche Flensburg 08,FT Braunschweig,356,7,1,/spielbericht/index/spielbericht/2490257,2014,Regionalliga Nord
08.10.2014,16:00,SC Weiche Flensburg 08,Wolfsburg II,436,3,2,/spielbericht/index/spielbericht/2490263,2014,Regionalliga Nord
19.10.2014,15:00,LSK Hansa,SC Weiche Flensburg 08,751,1,0,/spielbericht/index/spielbericht/2490279,2014,Regionalliga Nord
26.10.2014,14:00,SC Weiche Flensburg 08,W. Bremen II,576,1,1,/spielbericht/index/spielbericht/2490284,2014,Regionalliga Nord
02.11.2014,14:00,BV Cloppenburg,SC Weiche Flensburg 08,336,1,2,/spielbericht/index/spielbericht/2490297,2014,Regionalliga Nord
08.11.2014,14:00,SC Weiche Flensburg 08,Braunschweig II,368,1,0,/spielbericht/index/spielbericht/2490302,2014,Regionalliga Nord
15.11.2014,15:00,BSV Rehden,SC Weiche Flensburg 08,270,1,3,/spielbericht/index/spielbericht/2490312,2014,Regionalliga Nord
23.11.2014,13:45,SC Weiche Flensburg 08,Hannover 96 II,668,3,0,/spielbericht/index/spielbericht/2490445,2014,Regionalliga Nord
30.11.2014,14:00,VfR Neumünster,SC Weiche Flensburg 08,484,1,6,/spielbericht/index/spielbericht/2490459,2014,Regionalliga Nord
06.12.2014,14:00,SC Weiche Flensburg 08,Hamburger SV II,965,2,1,/spielbericht/index/spielbericht/2490463,2014,Regionalliga Nord
15.02.2015,14:00,SV Meppen,SC Weiche Flensburg 08,1.590,2,2,/spielbericht/index/spielbericht/2490479,2014,Regionalliga Nord
22.02.2015,14:00,SC Weiche Flensburg 08,TSV Havelse,463,0,0,/spielbericht/index/spielbericht/2490483,2014,Regionalliga Nord
28.02.2015,14:00,VfB Lübeck,SC Weiche Flensburg 08,1.256,1,1,/spielbericht/index/spielbericht/2490491,2014,Regionalliga Nord
08.03.2015,14:00,SC Weiche Flensburg 08,Goslarer SC,486,2,2,/spielbericht/index/spielbericht/2490501,2014,Regionalliga Nord
15.03.2015,14:00,E. Norderstedt,SC Weiche Flensburg 08,605,0,2,/spielbericht/index/spielbericht/2490514,2014,Regionalliga Nord
22.03.2015,15:00,VfB Oldenburg,SC Weiche Flensburg 08,958,0,1,/spielbericht/index/spielbericht/2490520,2014,Regionalliga Nord
29.03.2015,15:00,FT Braunschweig,SC Weiche Flensburg 08,100,0,4,/spielbericht/index/spielbericht/2490526,2014,Regionalliga Nord
11.04.2015,13:00,Wolfsburg II,SC Weiche Flensburg 08,304,1,1,/spielbericht/index/spielbericht/2490537,2014,Regionalliga Nord
19.04.2015,14:00,SC Weiche Flensburg 08,LSK Hansa,663,1,3,/spielbericht/index/spielbericht/2490544,2014,Regionalliga Nord
26.04.2015,13:00,W. Bremen II,SC Weiche Flensburg 08,350,2,0,/spielbericht/index/spielbericht/2490558,2014,Regionalliga Nord
03.05.2015,14:00,SC Weiche Flensburg 08,BV Cloppenburg,443,1,3,/spielbericht/index/spielbericht/2490565,2014,Regionalliga Nord
10.05.2015,14:00,Braunschweig II,SC Weiche Flensburg 08,95,0,1,/spielbericht/index/spielbericht/2490571,2014,Regionalliga Nord
17.05.2015,14:00,SC Weiche Flensburg 08,BSV Rehden,441,1,2,/spielbericht/index/spielbericht/2490581,2014,Regionalliga Nord
22.05.2015,19:30,St. Pauli II,SC Weiche Flensburg 08,112,0,2,/spielbericht/index/spielbericht/2490595,2014,Regionalliga Nord
12.07.2014,16:00,TSV Schilksee,SC Weiche Flensburg 08,380,0,3,/spielbericht/index/spielbericht/2539031,2014,Landespokal Schleswig-Holstein
12.10.2014,14:00,SC Weiche Flensburg 08,Holstein Kiel,1.420,0,6,/spielbericht/index/spielbericht/2539041,2014,Landespokal Schleswig-Holstein
26.07.2015,14:00,BV Cloppenburg,SC Weiche Flensburg 08,467,1,1,/spielbericht/index/spielbericht/2586351,2015,Regionalliga Nord
02.08.2015,14:00,SC Weiche Flensburg 08,VfV Hildesheim,508,6,1,/spielbericht/index/spielbericht/2586365,2015,Regionalliga Nord
09.08.2015,14:00,SC Weiche Flensburg 08,Drochtersen/A.,478,4,0,/spielbericht/index/spielbericht/2586369,2015,Regionalliga Nord
16.08.2015,14:00,E. Norderstedt,SC Weiche Flensburg 08,580,2,1,/spielbericht/index/spielbericht/2586383,2015,Regionalliga Nord
23.08.2015,14:00,SC Weiche Flensburg 08,Hamburger SV II,728,3,2,/spielbericht/index/spielbericht/2586388,2015,Regionalliga Nord
28.03.2016,18:00,SV Meppen,SC Weiche Flensburg 08,966,2,2,/spielbericht/index/spielbericht/2586401,2015,Regionalliga Nord
06.09.2015,14:00,SC Weiche Flensburg 08,Braunschweig II,435,1,0,/spielbericht/index/spielbericht/2586407,2015,Regionalliga Nord
12.09.2015,13:00,Hannover 96 II,SC Weiche Flensburg 08,150,1,2,/spielbericht/index/spielbericht/2586412,2015,Regionalliga Nord
20.09.2015,14:00,SC Weiche Flensburg 08,TSV Havelse,468,5,1,/spielbericht/index/spielbericht/2586426,2015,Regionalliga Nord
27.09.2015,14:00,St. Pauli II,SC Weiche Flensburg 08,241,1,2,/spielbericht/index/spielbericht/2586432,2015,Regionalliga Nord
04.10.2015,14:00,SC Weiche Flensburg 08,BSV Rehden,684,3,0,/spielbericht/index/spielbericht/2586444,2015,Regionalliga Nord
09.10.2015,19:30,VfB Lübeck,SC Weiche Flensburg 08,1.351,0,1,/spielbericht/index/spielbericht/2586452,2015,Regionalliga Nord
18.10.2015,14:00,SC Weiche Flensburg 08,VfB Oldenburg,1.924,0,0,/spielbericht/index/spielbericht/2586463,2015,Regionalliga Nord
25.10.2015,14:00,LSK Hansa,SC Weiche Flensburg 08,750,1,1,/spielbericht/index/spielbericht/2586474,2015,Regionalliga Nord
01.11.2015,14:00,SC Weiche Flensburg 08,Goslarer SC,648,1,0,/spielbericht/index/spielbericht/2586482,2015,Regionalliga Nord
08.11.2015,14:00,TSV Schilksee,SC Weiche Flensburg 08,427,0,5,/spielbericht/index/spielbericht/2586486,2015,Regionalliga Nord
15.11.2015,14:00,SC Weiche Flensburg 08,Wolfsburg II,1.496,1,0,/spielbericht/index/spielbericht/2586500,2015,Regionalliga Nord
22.11.2015,14:00,SC Weiche Flensburg 08,BV Cloppenburg,482,0,0,/spielbericht/index/spielbericht/2586510,2015,Regionalliga Nord
07.02.2016,14:00,VfV Hildesheim,SC Weiche Flensburg 08,820,2,2,/spielbericht/index/spielbericht/2586520,2015,Regionalliga Nord
06.12.2015,14:00,Drochtersen/A.,SC Weiche Flensburg 08,712,3,1,/spielbericht/index/spielbericht/2586529,2015,Regionalliga Nord
14.02.2016,14:00,SC Weiche Flensburg 08,E. Norderstedt,528,2,0,/spielbericht/index/spielbericht/2599232,2015,Regionalliga Nord
06.04.2016,19:30,Hamburger SV II,SC Weiche Flensburg 08,180,1,1,/spielbericht/index/spielbericht/2599239,2015,Regionalliga Nord
28.02.2016,14:00,SC Weiche Flensburg 08,SV Meppen,1.018,1,2,/spielbericht/index/spielbericht/2599270,2015,Regionalliga Nord
06.03.2016,14:00,Braunschweig II,SC Weiche Flensburg 08,82,1,2,/spielbericht/index/spielbericht/2599277,2015,Regionalliga Nord
13.03.2016,14:00,SC Weiche Flensburg 08,Hannover 96 II,834,0,0,/spielbericht/index/spielbericht/2601622,2015,Regionalliga Nord
20.03.2016,14:00,TSV Havelse,SC Weiche Flensburg 08,458,1,1,/spielbericht/index/spielbericht/2601635,2015,Regionalliga Nord
03.04.2016,14:00,SC Weiche Flensburg 08,St. Pauli II,878,1,1,/spielbericht/index/spielbericht/2601642,2015,Regionalliga Nord
09.04.2016,15:00,BSV Rehden,SC Weiche Flensburg 08,310,1,2,/spielbericht/index/spielbericht/2601649,2015,Regionalliga Nord
17.04.2016,14:00,SC Weiche Flensburg 08,VfB Lübeck,834,3,2,/spielbericht/index/spielbericht/2601654,2015,Regionalliga Nord
24.04.2016,15:00,VfB Oldenburg,SC Weiche Flensburg 08,1.866,0,0,/spielbericht/index/spielbericht/2601670,2015,Regionalliga Nord
01.05.2016,14:00,SC Weiche Flensburg 08,LSK Hansa,410,1,1,/spielbericht/index/spielbericht/2601677,2015,Regionalliga Nord
07.05.2016,14:00,Goslarer SC,SC Weiche Flensburg 08,250,0,0,/spielbericht/index/spielbericht/2601684,2015,Regionalliga Nord
13.05.2016,19:00,SC Weiche Flensburg 08,TSV Schilksee,635,1,0,/spielbericht/index/spielbericht/2601695,2015,Regionalliga Nord
21.05.2016,14:00,Wolfsburg II,SC Weiche Flensburg 08,384,2,0,/spielbericht/index/spielbericht/2601706,2015,Regionalliga Nord
10.07.2015,19:00,TSV Wankendorf,SC Weiche Flensburg 08,250,0,9,/spielbericht/index/spielbericht/2586340,2015,Landespokal Schleswig-Holstein
26.08.2015,17:45,TSB Flensburg,SC Weiche Flensburg 08,850,0,3,/spielbericht/index/spielbericht/2597781,2015,Landespokal Schleswig-Holstein
26.03.2016,15:00,SV Eichede,SC Weiche Flensburg 08,786,0,1,/spielbericht/index/spielbericht/2625332,2015,Landespokal Schleswig-Holstein
28.05.2016,17:00,VfB Lübeck,SC Weiche Flensburg 08,3.565,2,1,/spielbericht/index/spielbericht/2676835,2015,Landespokal Schleswig-Holstein
30.07.2016,12:00,Wolfsburg II,SC Weiche Flensburg 08,362,2,2,/spielbericht/index/spielbericht/2706743,2016,Regionalliga Nord
06.08.2016,16:00,SV Meppen,SC Weiche Flensburg 08,1.315,3,0,/spielbericht/index/spielbericht/2718356,2016,Regionalliga Nord
14.08.2016,14:00,SC Weiche Flensburg 08,LSK Hansa,499,0,1,/spielbericht/index/spielbericht/2718366,2016,Regionalliga Nord
10.08.2016,19:30,E. Norderstedt,SC Weiche Flensburg 08,470,1,2,/spielbericht/index/spielbericht/2718373,2016,Regionalliga Nord
28.08.2016,14:00,SC Weiche Flensburg 08,VfB Oldenburg,362,3,1,/spielbericht/index/spielbericht/2718692,2016,Regionalliga Nord
04.09.2016,13:00,Hamburger SV II,SC Weiche Flensburg 08,240,1,2,/spielbericht/index/spielbericht/2718700,2016,Regionalliga Nord
11.09.2016,14:00,SC Weiche Flensburg 08,SV Eichede,535,5,0,/spielbericht/index/spielbericht/2719092,2016,Regionalliga Nord
16.09.2016,17:30,Hannover 96 II,SC Weiche Flensburg 08,300,1,1,/spielbericht/index/spielbericht/2719097,2016,Regionalliga Nord
25.09.2016,14:00,SC Weiche Flensburg 08,Lupo-Martini,565,1,1,/spielbericht/index/spielbericht/2719109,2016,Regionalliga Nord
01.10.2016,14:00,Braunschweig II,SC Weiche Flensburg 08,116,0,3,/spielbericht/index/spielbericht/2719117,2016,Regionalliga Nord
09.10.2016,14:00,SC Weiche Flensburg 08,TSV Havelse,457,1,1,/spielbericht/index/spielbericht/2719128,2016,Regionalliga Nord
16.10.2016,14:00,SC Weiche Flensburg 08,BSV Rehden,387,2,0,/spielbericht/index/spielbericht/2719138,2016,Regionalliga Nord
23.10.2016,15:00,VfV Hildesheim,SC Weiche Flensburg 08,810,0,2,/spielbericht/index/spielbericht/2719148,2016,Regionalliga Nord
30.10.2016,14:00,SC Weiche Flensburg 08,G. Egestorf/L.,557,2,1,/spielbericht/index/spielbericht/2719157,2016,Regionalliga Nord
05.11.2016,14:00,St. Pauli II,SC Weiche Flensburg 08,174,0,0,/spielbericht/index/spielbericht/2719161,2016,Regionalliga Nord
13.11.2016,14:00,SC Weiche Flensburg 08,VfB Lübeck,1.087,0,2,/spielbericht/index/spielbericht/2719175,2016,Regionalliga Nord
20.11.2016,14:00,Drochtersen/A.,SC Weiche Flensburg 08,500,2,1,/spielbericht/index/spielbericht/2719186,2016,Regionalliga Nord
27.11.2016,14:00,SC Weiche Flensburg 08,Wolfsburg II,346,0,0,/spielbericht/index/spielbericht/2719224,2016,Regionalliga Nord
04.12.2016,14:00,SC Weiche Flensburg 08,SV Meppen,642,3,1,/spielbericht/index/spielbericht/2719233,2016,Regionalliga Nord
29.03.2017,17:45,LSK Hansa,SC Weiche Flensburg 08,310,0,1,/spielbericht/index/spielbericht/2719240,2016,Regionalliga Nord
13.04.2017,18:15,SC Weiche Flensburg 08,E. Norderstedt,486,1,1,/spielbericht/index/spielbericht/2719252,2016,Regionalliga Nord
19.02.2017,14:00,VfB Oldenburg,SC Weiche Flensburg 08,1.260,1,2,/spielbericht/index/spielbericht/2719260,2016,Regionalliga Nord
26.02.2017,14:00,SC Weiche Flensburg 08,Hamburger SV II,462,5,3,/spielbericht/index/spielbericht/2719270,2016,Regionalliga Nord
05.03.2017,14:00,SV Eichede,SC Weiche Flensburg 08,283,1,1,/spielbericht/index/spielbericht/2719284,2016,Regionalliga Nord
12.03.2017,14:00,SC Weiche Flensburg 08,Hannover 96 II,565,1,0,/spielbericht/index/spielbericht/2719293,2016,Regionalliga Nord
19.03.2017,14:00,Lupo-Martini,SC Weiche Flensburg 08,200,1,2,/spielbericht/index/spielbericht/2719301,2016,Regionalliga Nord
26.03.2017,14:00,SC Weiche Flensburg 08,Braunschweig II,535,2,2,/spielbericht/index/spielbericht/2719311,2016,Regionalliga Nord
02.04.2017,14:00,TSV Havelse,SC Weiche Flensburg 08,435,1,2,/spielbericht/index/spielbericht/2719318,2016,Regionalliga Nord
08.04.2017,15:00,BSV Rehden,SC Weiche Flensburg 08,250,0,2,/spielbericht/index/spielbericht/2719327,2016,Regionalliga Nord
23.04.2017,14:00,SC Weiche Flensburg 08,VfV Hildesheim,409,4,2,/spielbericht/index/spielbericht/2719336,2016,Regionalliga Nord
30.04.2017,15:00,G. Egestorf/L.,SC Weiche Flensburg 08,250,3,1,/spielbericht/index/spielbericht/2719349,2016,Regionalliga Nord
05.05.2017,18:45,SC Weiche Flensburg 08,St. Pauli II,508,1,0,/spielbericht/index/spielbericht/2719357,2016,Regionalliga Nord
13.05.2017,14:00,VfB Lübeck,SC Weiche Flensburg 08,1.165,2,0,/spielbericht/index/spielbericht/2719362,2016,Regionalliga Nord
20.05.2017,13:00,SC Weiche Flensburg 08,Drochtersen/A.,447,1,0,/spielbericht/index/spielbericht/2719381,2016,Regionalliga Nord
13.07.2016,18:30,TSV Schilksee,SC Weiche Flensburg 08,211,0,3,/spielbericht/index/spielbericht/2706013,2016,Landespokal Schleswig-Holstein
20.08.2016,15:00,SC Weiche Flensburg 08,Holstein Kiel,1.052,0,2,/spielbericht/index/spielbericht/2720179,2016,Landespokal Schleswig-Holstein
29.07.2017,13:30,SC Weiche Flensburg 08,St. Pauli II,962,1,1,/spielbericht/index/spielbericht/2879906,2017,Regionalliga Nord
05.08.2017,13:00,Hannover 96 II,SC Weiche Flensburg 08,300,0,0,/spielbericht/index/spielbericht/2879938,2017,Regionalliga Nord
12.08.2017,13:30,SC Weiche Flensburg 08,TSV Havelse,512,2,1,/spielbericht/index/spielbericht/2879971,2017,Regionalliga Nord
20.08.2017,15:00,LSK Hansa,SC Weiche Flensburg 08,620,1,3,/spielbericht/index/spielbericht/2880011,2017,Regionalliga Nord
26.08.2017,13:30,SC Weiche Flensburg 08,VfB Oldenburg,1.114,1,0,/spielbericht/index/spielbericht/2880038,2017,Regionalliga Nord
02.09.2017,16:00,BSV Rehden,SC Weiche Flensburg 08,245,3,1,/spielbericht/index/spielbericht/2889539,2017,Regionalliga Nord
09.09.2017,13:30,SC Weiche Flensburg 08,Altona 93,641,2,0,/spielbericht/index/spielbericht/2889557,2017,Regionalliga Nord
16.09.2017,14:00,Braunschweig II,SC Weiche Flensburg 08,188,0,2,/spielbericht/index/spielbericht/2889573,2017,Regionalliga Nord
22.09.2017,19:30,VfB Lübeck,SC Weiche Flensburg 08,1.896,0,4,/spielbericht/index/spielbericht/2889580,2017,Regionalliga Nord
30.09.2017,13:30,SC Weiche Flensburg 08,E. Norderstedt,608,2,1,/spielbericht/index/spielbericht/2889599,2017,Regionalliga Nord
02.04.2018,14:00,G. Egestorf/L.,SC Weiche Flensburg 08,260,0,1,/spielbericht/index/spielbericht/2933146,2017,Regionalliga Nord
14.10.2017,13:30,SC Weiche Flensburg 08,VfV Hildesheim,642,0,1,/spielbericht/index/spielbericht/2890881,2017,Regionalliga Nord
21.10.2017,16:00,SSV Jeddeloh II,SC Weiche Flensburg 08,900,1,2,/spielbericht/index/spielbericht/2890931,2017,Regionalliga Nord
28.10.2017,13:30,SC Weiche Flensburg 08,Drochtersen/A.,503,1,0,/spielbericht/index/spielbericht/2890761,2017,Regionalliga Nord
05.11.2017,14:00,Wolfsburg II,SC Weiche Flensburg 08,271,1,2,/spielbericht/index/spielbericht/2890957,2017,Regionalliga Nord
11.11.2017,13:30,SC Weiche Flensburg 08,Eutin 08,745,1,1,/spielbericht/index/spielbericht/2890806,2017,Regionalliga Nord
18.11.2017,13:00,Hamburger SV II,SC Weiche Flensburg 08,450,1,1,/spielbericht/index/spielbericht/2890888,2017,Regionalliga Nord
25.11.2017,13:30,SC Weiche Flensburg 08,Hannover 96 II,742,0,0,/spielbericht/index/spielbericht/2890896,2017,Regionalliga Nord
16.05.2018,19:00,TSV Havelse,SC Weiche Flensburg 08,534,1,1,/spielbericht/index/spielbericht/2890771,2017,Regionalliga Nord
09.12.2017,13:30,SC Weiche Flensburg 08,LSK Hansa,556,2,0,/spielbericht/index/spielbericht/2890940,2017,Regionalliga Nord
27.03.2018,19:00,St. Pauli II,SC Weiche Flensburg 08,160,1,1,/spielbericht/index/spielbericht/2890787,2017,Regionalliga Nord
11.04.2018,18:15,SC Weiche Flensburg 08,Hamburger SV II,2.824,2,0,/spielbericht/index/spielbericht/2890777,2017,Regionalliga Nord
01.05.2018,15:00,VfB Oldenburg,SC Weiche Flensburg 08,761,2,2,/spielbericht/index/spielbericht/2890788,2017,Regionalliga Nord
09.05.2018,18:45,SC Weiche Flensburg 08,BSV Rehden,1.391,1,1,/spielbericht/index/spielbericht/2890819,2017,Regionalliga Nord
17.04.2018,19:00,Altona 93,SC Weiche Flensburg 08,708,0,5,/spielbericht/index/spielbericht/2890901,2017,Regionalliga Nord
20.03.2018,16:30,SC Weiche Flensburg 08,Braunschweig II,563,5,3,/spielbericht/index/spielbericht/2890792,2017,Regionalliga Nord
19.04.2018,18:15,SC Weiche Flensburg 08,VfB Lübeck,1.724,1,0,/spielbericht/index/spielbericht/2890812,2017,Regionalliga Nord
24.03.2018,15:30,E. Norderstedt,SC Weiche Flensburg 08,395,1,1,/spielbericht/index/spielbericht/2890833,2017,Regionalliga Nord
07.04.2018,14:30,SC Weiche Flensburg 08,G. Egestorf/L.,928,2,0,/spielbericht/index/spielbericht/2890830,2017,Regionalliga Nord
15.04.2018,15:00,VfV Hildesheim,SC Weiche Flensburg 08,740,1,0,/spielbericht/index/spielbericht/2890909,2017,Regionalliga Nord
21.04.2018,13:30,SC Weiche Flensburg 08,SSV Jeddeloh II,814,2,0,/spielbericht/index/spielbericht/2890840,2017,Regionalliga Nord
28.04.2018,17:00,Drochtersen/A.,SC Weiche Flensburg 08,555,0,2,/spielbericht/index/spielbericht/2890872,2017,Regionalliga Nord
05.05.2018,13:30,SC Weiche Flensburg 08,Wolfsburg II,1.812,3,1,/spielbericht/index/spielbericht/2890854,2017,Regionalliga Nord
13.05.2018,14:00,Eutin 08,SC Weiche Flensburg 08,370,2,5,/spielbericht/index/spielbericht/2890871,2017,Regionalliga Nord
24.05.2018,19:00,SC Weiche Flensburg 08,Energie Cottbus,5.972,2,3,/spielbericht/index/spielbericht/3042185,2017,Aufstiegsrunde zur 3. Liga
27.05.2018,14:00,Energie Cottbus,SC Weiche Flensburg 08,20.056,0,0,/spielbericht/index/spielbericht/3042193,2017,Aufstiegsrunde zur 3. Liga
15.07.2017,16:00,SV Eichede,SC Weiche Flensburg 08,158,1,4,/spielbericht/index/spielbericht/2882360,2017,Landespokal Schleswig-Holstein
16.08.2017,19:30,VfB Lübeck,SC Weiche Flensburg 08,1.369,4,6,/spielbericht/index/spielbericht/2889518,2017,Landespokal Schleswig-Holstein
31.10.2017,13:00,SV Todesfelde,SC Weiche Flensburg 08,600,0,4,/spielbericht/index/spielbericht/2912203,2017,Landespokal Schleswig-Holstein
21.05.2018,14:30,Husumer SV,SC Weiche Flensburg 08,2.527,0,3,/spielbericht/index/spielbericht/3038931,2017,Landespokal Schleswig-Holstein
28.07.2018,14:00,SSV Jeddeloh II,SC Weiche Flensburg 08,598,2,1,/spielbericht/index/spielbericht/3066802,2018,Regionalliga Nord
01.08.2018,18:00,SC Weiche Flensburg 08,Lupo-Martini,915,4,0,/spielbericht/index/spielbericht/3066826,2018,Regionalliga Nord
05.08.2018,14:00,St. Pauli II,SC Weiche Flensburg 08,141,1,1,/spielbericht/index/spielbericht/3066855,2018,Regionalliga Nord
11.08.2018,13:30,SC Weiche Flensburg 08,Hannover 96 II,821,1,1,/spielbericht/index/spielbericht/3066881,2018,Regionalliga Nord
08.08.2018,19:00,G. Egestorf/L.,SC Weiche Flensburg 08,200,1,0,/spielbericht/index/spielbericht/3066890,2018,Regionalliga Nord
25.08.2018,13:30,SC Weiche Flensburg 08,BSV Rehden,792,2,1,/spielbericht/index/spielbericht/3066907,2018,Regionalliga Nord
29.08.2018,19:00,W. Bremen II,SC Weiche Flensburg 08,650,1,1,/spielbericht/index/spielbericht/3066923,2018,Regionalliga Nord
01.09.2018,13:30,SC Weiche Flensburg 08,VfL Oldenburg,760,1,0,/spielbericht/index/spielbericht/3066940,2018,Regionalliga Nord
09.09.2018,15:00,Holst. Kiel II,SC Weiche Flensburg 08,907,0,2,/spielbericht/index/spielbericht/3066955,2018,Regionalliga Nord
15.09.2018,13:30,SC Weiche Flensburg 08,Wolfsburg II,1.021,2,3,/spielbericht/index/spielbericht/3066968,2018,Regionalliga Nord
23.09.2018,14:00,E. Norderstedt,SC Weiche Flensburg 08,410,2,2,/spielbericht/index/spielbericht/3066992,2018,Regionalliga Nord
29.09.2018,13:30,SC Weiche Flensburg 08,Hamburger SV II,934,3,1,/spielbericht/index/spielbericht/3067026,2018,Regionalliga Nord
07.10.2018,14:00,TSV Havelse,SC Weiche Flensburg 08,412,1,2,/spielbericht/index/spielbericht/3089896,2018,Regionalliga Nord
13.10.2018,13:30,SC Weiche Flensburg 08,LSK Hansa,810,4,1,/spielbericht/index/spielbericht/3089903,2018,Regionalliga Nord
21.10.2018,15:00,Drochtersen/A.,SC Weiche Flensburg 08,700,0,1,/spielbericht/index/spielbericht/3089915,2018,Regionalliga Nord
26.10.2018,19:30,VfB Lübeck,SC Weiche Flensburg 08,2.875,3,1,/spielbericht/index/spielbericht/3089919,2018,Regionalliga Nord
04.11.2018,14:00,SC Weiche Flensburg 08,VfB Oldenburg,789,2,2,/spielbericht/index/spielbericht/3089930,2018,Regionalliga Nord
10.11.2018,13:30,SC Weiche Flensburg 08,SSV Jeddeloh II,698,4,2,/spielbericht/index/spielbericht/3093628,2018,Regionalliga Nord
18.11.2018,14:00,Lupo-Martini,SC Weiche Flensburg 08,200,2,2,/spielbericht/index/spielbericht/3093639,2018,Regionalliga Nord
24.11.2018,13:30,SC Weiche Flensburg 08,St. Pauli II,721,3,3,/spielbericht/index/spielbericht/3093655,2018,Regionalliga Nord
02.12.2018,13:00,Hannover 96 II,SC Weiche Flensburg 08,121,0,0,/spielbericht/index/spielbericht/3093644,2018,Regionalliga Nord
08.12.2018,13:30,SC Weiche Flensburg 08,G. Egestorf/L.,558,4,0,/spielbericht/index/spielbericht/3093664,2018,Regionalliga Nord
23.02.2019,15:00,BSV Rehden,SC Weiche Flensburg 08,250,1,0,/spielbericht/index/spielbericht/3093675,2018,Regionalliga Nord
02.03.2019,13:30,SC Weiche Flensburg 08,W. Bremen II,922,1,1,/spielbericht/index/spielbericht/3093681,2018,Regionalliga Nord
10.03.2019,14:00,VfL Oldenburg,SC Weiche Flensburg 08,340,0,4,/spielbericht/index/spielbericht/3093694,2018,Regionalliga Nord
16.03.2019,13:30,SC Weiche Flensburg 08,Holst. Kiel II,868,2,1,/spielbericht/index/spielbericht/3093699,2018,Regionalliga Nord
23.03.2019,13:00,Wolfsburg II,SC Weiche Flensburg 08,345,1,1,/spielbericht/index/spielbericht/3093707,2018,Regionalliga Nord
29.03.2019,16:30,SC Weiche Flensburg 08,E. Norderstedt,848,1,0,/spielbericht/index/spielbericht/3093717,2018,Regionalliga Nord
06.04.2019,13:00,Hamburger SV II,SC Weiche Flensburg 08,350,4,3,/spielbericht/index/spielbericht/3093725,2018,Regionalliga Nord
13.04.2019,13:30,SC Weiche Flensburg 08,TSV Havelse,719,1,2,/spielbericht/index/spielbericht/3093735,2018,Regionalliga Nord
28.04.2019,15:00,LSK Hansa,SC Weiche Flensburg 08,350,1,3,/spielbericht/index/spielbericht/3093750,2018,Regionalliga Nord
04.05.2019,13:30,SC Weiche Flensburg 08,Drochtersen/A.,847,2,0,/spielbericht/index/spielbericht/3093754,2018,Regionalliga Nord
10.05.2019,19:00,SC Weiche Flensburg 08,VfB Lübeck,1.482,0,0,/spielbericht/index/spielbericht/3093763,2018,Regionalliga Nord
19.05.2019,14:00,VfB Oldenburg,SC Weiche Flensburg 08,1.417,3,4,/spielbericht/index/spielbericht/3093770,2018,Regionalliga Nord
19.08.2018,15:30,SC Weiche Flensburg 08,VfL Bochum,3.500,1,0,/spielbericht/index/spielbericht/3048423,2018,DFB-Pokal
31.10.2018,18:30,SC Weiche Flensburg 08,Werder Bremen,8.637,1,5,/spielbericht/index/spielbericht/3096441,2018,DFB-Pokal
10.07.2018,19:00,IF Stjernen,SC Weiche Flensburg 08,150,0,4,/spielbericht/index/spielbericht/3066093,2018,Landespokal Schleswig-Holstein
21.07.2018,15:00,Heider SV,SC Weiche Flensburg 08,402,0,1,/spielbericht/index/spielbericht/3076373,2018,Landespokal Schleswig-Holstein
03.10.2018,14:00,Pr. Reinfeld,SC Weiche Flensburg 08,770,0,2,/spielbericht/index/spielbericht/3092981,2018,Landespokal Schleswig-Holstein
25.05.2019,16:15,VfB Lübeck,SC Weiche Flensburg 08,3.771,1,0,/spielbericht/index/spielbericht/3117599,2018,Landespokal Schleswig-Holstein
26.07.2019,19:00,SC Weiche Flensburg 08,Wolfsburg II,1.722,1,2,/spielbericht/index/spielbericht/3210893,2019,Regionalliga Nord
31.07.2019,19:00,HSC Hannover,SC Weiche Flensburg 08,818,0,1,/spielbericht/index/spielbericht/3210909,2019,Regionalliga Nord
04.08.2019,14:00,TSV Havelse,SC Weiche Flensburg 08,638,0,2,/spielbericht/index/spielbericht/3210914,2019,Regionalliga Nord
10.08.2019,13:30,SC Weiche Flensburg 08,BSV Rehden,815,0,2,/spielbericht/index/spielbericht/3210928,2019,Regionalliga Nord
18.08.2019,15:00,VfB Oldenburg,SC Weiche Flensburg 08,1.359,1,2,/spielbericht/index/spielbericht/3210945,2019,Regionalliga Nord
23.08.2019,18:15,SC Weiche Flensburg 08,Hamburger SV II,1.512,2,0,/spielbericht/index/spielbericht/3210954,2019,Regionalliga Nord
28.08.2019,19:00,W. Bremen II,SC Weiche Flensburg 08,263,1,1,/spielbericht/index/spielbericht/3210962,2019,Regionalliga Nord
31.08.2019,13:30,SC Weiche Flensburg 08,E. Norderstedt,657,1,0,/spielbericht/index/spielbericht/3210971,2019,Regionalliga Nord
07.09.2019,14:00,VfB Lübeck,SC Weiche Flensburg 08,3.165,2,0,/spielbericht/index/spielbericht/3210980,2019,Regionalliga Nord
13.09.2019,17:30,SC Weiche Flensburg 08,Hannover 96 II,772,1,0,/spielbericht/index/spielbericht/3210988,2019,Regionalliga Nord
22.09.2019,15:00,Drochtersen/A.,SC Weiche Flensburg 08,561,1,2,/spielbericht/index/spielbericht/3211005,2019,Regionalliga Nord
28.09.2019,13:30,SC Weiche Flensburg 08,SSV Jeddeloh II,689,2,1,/spielbericht/index/spielbericht/3211009,2019,Regionalliga Nord
06.10.2019,14:00,Altona 93,SC Weiche Flensburg 08,877,1,1,/spielbericht/index/spielbericht/3211021,2019,Regionalliga Nord
12.10.2019,13:30,SC Weiche Flensburg 08,LSK Hansa,715,5,1,/spielbericht/index/spielbericht/3211034,2019,Regionalliga Nord
04.03.2020,19:00,SC Weiche Flensburg 08,Heider SV,752,2,1,/spielbericht/index/spielbericht/3211228,2019,Regionalliga Nord
26.10.2019,13:30,SC Weiche Flensburg 08,St. Pauli II,814,4,1,/spielbericht/index/spielbericht/3211051,2019,Regionalliga Nord
09.11.2019,13:00,Wolfsburg II,SC Weiche Flensburg 08,287,3,0,/spielbericht/index/spielbericht/3211069,2019,Regionalliga Nord
16.11.2019,13:30,SC Weiche Flensburg 08,HSC Hannover,678,4,1,/spielbericht/index/spielbericht/3211079,2019,Regionalliga Nord
23.11.2019,13:30,SC Weiche Flensburg 08,TSV Havelse,646,0,2,/spielbericht/index/spielbericht/3211087,2019,Regionalliga Nord
30.11.2019,15:00,BSV Rehden,SC Weiche Flensburg 08,220,0,1,/spielbericht/index/spielbericht/3211100,2019,Regionalliga Nord
07.12.2019,13:30,SC Weiche Flensburg 08,VfB Oldenburg,648,2,1,/spielbericht/index/spielbericht/3211107,2019,Regionalliga Nord
28.02.2020,19:00,SC Weiche Flensburg 08,W. Bremen II,1.428,1,1,/spielbericht/index/spielbericht/3211123,2019,Regionalliga Nord
08.03.2020,14:00,E. Norderstedt,SC Weiche Flensburg 08,510,0,0,/spielbericht/index/spielbericht/3211170,2019,Regionalliga Nord
10.07.2019,19:00,TSV Lägerdorf,SC Weiche Flensburg 08,320,0,2,/spielbericht/index/spielbericht/3205901,2019,Landespokal Schleswig-Holstein
19.10.2019,14:00,SC Weiche Flensburg 08,Heider SV,484,5,0,/spielbericht/index/spielbericht/3216620,2019,Landespokal Schleswig-Holstein
31.10.2019,13:30,SV Todesfelde,SC Weiche Flensburg 08,530,1,0,/spielbericht/index/spielbericht/3271674,2019,Landespokal Schleswig-Holstein
05.09.2020,13:30,SC Weiche Flensburg 08,E. Norderstedt,425,3,1,/spielbericht/index/spielbericht/3427245,2020,Regionalliga Nord
12.09.2020,14:00,Heider SV,SC Weiche Flensburg 08,500,0,1,/spielbericht/index/spielbericht/3427266,2020,Regionalliga Nord
20.09.2020,14:00,St. Pauli II,SC Weiche Flensburg 08,x,0,4,/spielbericht/index/spielbericht/3427842,2020,Regionalliga Nord
23.09.2020,19:30,SC Weiche Flensburg 08,Drochtersen/A.,682,1,0,/spielbericht/index/spielbericht/3436195,2020,Regionalliga Nord
26.09.2020,13:00,Phönix Lübeck,SC Weiche Flensburg 08,500,0,1,/spielbericht/index/spielbericht/3436196,2020,Regionalliga Nord
02.10.2020,19:00,SC Weiche Flensburg 08,Hamburger SV II,800,1,2,/spielbericht/index/spielbericht/3436201,2020,Regionalliga Nord
10.10.2020,13:30,SC Weiche Flensburg 08,Holst. Kiel II,680,3,1,/spielbericht/index/spielbericht/3436212,2020,Regionalliga Nord
18.10.2020,15:00,LSK Hansa,SC Weiche Flensburg 08,323,1,2,/spielbericht/index/spielbericht/3436219,2020,Regionalliga Nord
01.11.2020,14:00,Teutonia 05,SC Weiche Flensburg 08,315,1,2,/spielbericht/index/spielbericht/3436228,2020,Regionalliga Nord
04.10.2020,15:00,For. Glückstadt,SC Weiche Flensburg 08,137,0,6,/spielbericht/index/spielbericht/3434255,2020,Landespokal Schleswig-Holstein
18.06.2021,19:00,FC Kilia Kiel,SC Weiche Flensburg 08,432,1,5,/spielbericht/index/spielbericht/3576822,2020,Landespokal Schleswig-Holstein
23.06.2021,19:00,SV Todesfelde,SC Weiche Flensburg 08,450,1,2,/spielbericht/index/spielbericht/3585773,2020,Landespokal Schleswig-Holstein
27.06.2021,16:00,Phönix Lübeck,SC Weiche Flensburg 08,250,1,2,/spielbericht/index/spielbericht/3587542,2020,Landespokal Schleswig-Holstein
18.08.2021,19:00,Altona 93,SC Weiche Flensburg 08,650,1,3,/spielbericht/index/spielbericht/3619593,2021,Regionalliga Nord
22.08.2021,14:00,Holst. Kiel II,SC Weiche Flensburg 08,x,2,3,/spielbericht/index/spielbericht/3619652,2021,Regionalliga Nord
27.08.2021,19:00,SC Weiche Flensburg 08,VfB Lübeck,900,2,1,/spielbericht/index/spielbericht/3619610,2021,Regionalliga Nord
19.10.2021,19:00,Hamburger SV II,SC Weiche Flensburg 08,220,0,2,/spielbericht/index/spielbericht/3619603,2021,Regionalliga Nord
04.09.2021,13:30,SC Weiche Flensburg 08,E. Norderstedt,741,2,1,/spielbericht/index/spielbericht/3619630,2021,Regionalliga Nord
11.09.2021,14:00,Teutonia 05,SC Weiche Flensburg 08,523,1,0,/spielbericht/index/spielbericht/3619621,2021,Regionalliga Nord
17.09.2021,19:00,SC Weiche Flensburg 08,Heider SV,814,3,1,/spielbericht/index/spielbericht/3619670,2021,Regionalliga Nord
25.09.2021,13:00,Phönix Lübeck,SC Weiche Flensburg 08,517,1,7,/spielbericht/index/spielbericht/3619661,2021,Regionalliga Nord
01.10.2021,19:00,SC Weiche Flensburg 08,Drochtersen/A.,914,0,0,/spielbericht/index/spielbericht/3619680,2021,Regionalliga Nord
10.10.2021,14:00,St. Pauli II,SC Weiche Flensburg 08,150,2,1,/spielbericht/index/spielbericht/3619693,2021,Regionalliga Nord
23.10.2021,13:30,SC Weiche Flensburg 08,Altona 93,918,4,2,/spielbericht/index/spielbericht/3619710,2021,Regionalliga Nord
29.10.2021,19:00,SC Weiche Flensburg 08,Holst. Kiel II,1.428,0,0,/spielbericht/index/spielbericht/3619700,2021,Regionalliga Nord
05.11.2021,19:30,VfB Lübeck,SC Weiche Flensburg 08,2.590,0,2,/spielbericht/index/spielbericht/3619720,2021,Regionalliga Nord
02.12.2021,19:00,SC Weiche Flensburg 08,Hamburger SV II,785,0,1,/spielbericht/index/spielbericht/3619730,2021,Regionalliga Nord
21.11.2021,14:00,E. Norderstedt,SC Weiche Flensburg 08,465,1,2,/spielbericht/index/spielbericht/3619753,2021,Regionalliga Nord
05.02.2022,13:30,SC Weiche Flensburg 08,Teutonia 05,500,0,3,/spielbericht/index/spielbericht/3619740,2021,Regionalliga Nord
29.01.2022,14:00,Heider SV,SC Weiche Flensburg 08,477,1,2,/spielbericht/index/spielbericht/3619756,2021,Regionalliga Nord
10.12.2021,19:00,SC Weiche Flensburg 08,Phönix Lübeck,601,2,2,/spielbericht/index/spielbericht/3619765,2021,Regionalliga Nord
11.02.2022,19:00,Drochtersen/A.,SC Weiche Flensburg 08,480,1,1,/spielbericht/index/spielbericht/3619760,2021,Regionalliga Nord
23.02.2022,19:00,SC Weiche Flensburg 08,St. Pauli II,601,3,3,/spielbericht/index/spielbericht/3619771,2021,Regionalliga Nord
12.03.2022,13:30,SC Weiche Flensburg 08,VfB Oldenburg,1.348,0,0,/spielbericht/index/spielbericht/3760083,2021,Regionalliga Nord - Endrunde
19.03.2022,13:00,Hannover 96 II,SC Weiche Flensburg 08,80,2,3,/spielbericht/index/spielbericht/3762143,2021,Regionalliga Nord - Endrunde
14.04.2022,19:30,SC Weiche Flensburg 08,SVA Delmenhorst,739,2,0,/spielbericht/index/spielbericht/3762149,2021,Regionalliga Nord - Endrunde
03.04.2022,15:00,VfV Hildesheim,SC Weiche Flensburg 08,530,0,4,/spielbericht/index/spielbericht/3762157,2021,Regionalliga Nord - Endrunde
09.04.2022,13:30,SC Weiche Flensburg 08,W. Bremen II,835,2,0,/spielbericht/index/spielbericht/3762160,2021,Regionalliga Nord - Endrunde
24.04.2022,15:00,VfB Oldenburg,SC Weiche Flensburg 08,3.732,4,0,/spielbericht/index/spielbericht/3762169,2021,Regionalliga Nord - Endrunde
30.04.2022,13:30,SC Weiche Flensburg 08,Hannover 96 II,681,2,1,/spielbericht/index/spielbericht/3762173,2021,Regionalliga Nord - Endrunde
07.05.2022,16:00,SVA Delmenhorst,SC Weiche Flensburg 08,540,1,2,/spielbericht/index/spielbericht/3762178,2021,Regionalliga Nord - Endrunde
14.05.2022,13:30,SC Weiche Flensburg 08,VfV Hildesheim,711,4,2,/spielbericht/index/spielbericht/3762183,2021,Regionalliga Nord - Endrunde
21.05.2022,15:00,W. Bremen II,SC Weiche Flensburg 08,235,3,0,/spielbericht/index/spielbericht/3762187,2021,Regionalliga Nord - Endrunde
07.08.2021,15:30,SC Weiche Flensburg 08,Holstein Kiel,1.700,2,4,/spielbericht/index/spielbericht/3601589,2021,DFB-Pokal
15.08.2021,14:00,GW Siebenbäumen,SC Weiche Flensburg 08,115,0,8,/spielbericht/index/spielbericht/3625669,2021,Landespokal Schleswig-Holstein
13.10.2021,19:30,Oldenburger SV,SC Weiche Flensburg 08,240,1,7,/spielbericht/index/spielbericht/3646940,2021,Landespokal Schleswig-Holstein
14.11.2021,13:00,TSB Flensburg,SC Weiche Flensburg 08,460,2,1,/spielbericht/index/spielbericht/3690450,2021,Landespokal Schleswig-Holstein
30.07.2022,14:00,Kickers Emden,SC Weiche Flensburg 08,1.108,0,2,/spielbericht/index/spielbericht/3877641,2022,Regionalliga Nord
06.08.2022,13:30,SC Weiche Flensburg 08,Bremer SV,917,2,1,/spielbericht/index/spielbericht/3877649,2022,Regionalliga Nord
12.08.2022,19:00,Hannover 96 II,SC Weiche Flensburg 08,350,0,3,/spielbericht/index/spielbericht/3879901,2022,Regionalliga Nord
17.08.2022,18:30,SC Weiche Flensburg 08,VfV Hildesheim,946,1,3,/spielbericht/index/spielbericht/3879913,2022,Regionalliga Nord
21.08.2022,14:00,Holst. Kiel II,SC Weiche Flensburg 08,279,1,2,/spielbericht/index/spielbericht/3879921,2022,Regionalliga Nord
26.08.2022,19:30,SC Weiche Flensburg 08,Phönix Lübeck,945,2,0,/spielbericht/index/spielbericht/3879929,2022,Regionalliga Nord
03.09.2022,13:30,SC Weiche Flensburg 08,W. Bremen II,1.085,0,2,/spielbericht/index/spielbericht/3879947,2022,Regionalliga Nord
11.09.2022,14:00,St. Pauli II,SC Weiche Flensburg 08,215,1,4,/spielbericht/index/spielbericht/3879961,2022,Regionalliga Nord
17.09.2022,13:30,SC Weiche Flensburg 08,Blau-Weiß Lohne,702,1,2,/spielbericht/index/spielbericht/3879965,2022,Regionalliga Nord
24.09.2022,16:00,SVA Delmenhorst,SC Weiche Flensburg 08,805,2,2,/spielbericht/index/spielbericht/3879977,2022,Regionalliga Nord
01.10.2022,13:30,SC Weiche Flensburg 08,Teutonia 05,684,2,2,/spielbericht/index/spielbericht/3879988,2022,Regionalliga Nord
08.10.2022,15:00,BSV Rehden,SC Weiche Flensburg 08,222,2,1,/spielbericht/index/spielbericht/3879995,2022,Regionalliga Nord
14.10.2022,19:30,SC Weiche Flensburg 08,Drochtersen/A.,812,2,1,/spielbericht/index/spielbericht/3880009,2022,Regionalliga Nord
22.10.2022,13:30,SC Weiche Flensburg 08,VfB Lübeck,1.500,1,0,/spielbericht/index/spielbericht/3880018,2022,Regionalliga Nord
29.10.2022,14:00,TSV Havelse,SC Weiche Flensburg 08,324,2,0,/spielbericht/index/spielbericht/3880032,2022,Regionalliga Nord
05.11.2022,13:30,SC Weiche Flensburg 08,SSV Jeddeloh II,774,2,3,/spielbericht/index/spielbericht/3880045,2022,Regionalliga Nord
13.11.2022,14:00,E. Norderstedt,SC Weiche Flensburg 08,585,2,2,/spielbericht/index/spielbericht/3880061,2022,Regionalliga Nord
18.11.2022,19:00,SC Weiche Flensburg 08,Hamburger SV II,1.103,2,3,/spielbericht/index/spielbericht/3880062,2022,Regionalliga Nord
26.11.2022,13:30,SC Weiche Flensburg 08,Kickers Emden,673,4,1,/spielbericht/index/spielbericht/3884878,2022,Regionalliga Nord
04.12.2022,13:00,Bremer SV,SC Weiche Flensburg 08,398,4,0,/spielbericht/index/spielbericht/3884890,2022,Regionalliga Nord
15.03.2023,18:30,SC Weiche Flensburg 08,Hannover 96 II,704,2,1,/spielbericht/index/spielbericht/3884896,2022,Regionalliga Nord
05.02.2023,14:00,VfV Hildesheim,SC Weiche Flensburg 08,420,1,1,/spielbericht/index/spielbericht/3884910,2022,Regionalliga Nord
11.02.2023,13:30,SC Weiche Flensburg 08,Holst. Kiel II,755,0,0,/spielbericht/index/spielbericht/3884915,2022,Regionalliga Nord
19.02.2023,14:00,Phönix Lübeck,SC Weiche Flensburg 08,357,0,1,/spielbericht/index/spielbericht/3884928,2022,Regionalliga Nord
04.03.2023,14:00,W. Bremen II,SC Weiche Flensburg 08,267,0,0,/spielbericht/index/spielbericht/3884933,2022,Regionalliga Nord
06.04.2023,18:30,SC Weiche Flensburg 08,St. Pauli II,838,0,1,/spielbericht/index/spielbericht/3884952,2022,Regionalliga Nord
19.03.2023,13:00,Blau-Weiß Lohne,SC Weiche Flensburg 08,600,2,0,/spielbericht/index/spielbericht/3884963,2022,Regionalliga Nord
25.03.2023,13:30,SC Weiche Flensburg 08,SVA Delmenhorst,821,3,1,/spielbericht/index/spielbericht/3884971,2022,Regionalliga Nord
02.04.2023,14:00,Teutonia 05,SC Weiche Flensburg 08,687,2,4,/spielbericht/index/spielbericht/3884979,2022,Regionalliga Nord
15.04.2023,13:30,SC Weiche Flensburg 08,BSV Rehden,646,2,1,/spielbericht/index/spielbericht/3884987,2022,Regionalliga Nord
21.04.2023,19:30,Drochtersen/A.,SC Weiche Flensburg 08,530,2,1,/spielbericht/index/spielbericht/3884995,2022,Regionalliga Nord
28.04.2023,19:30,VfB Lübeck,SC Weiche Flensburg 08,5.774,2,0,/spielbericht/index/spielbericht/3885004,2022,Regionalliga Nord
06.05.2023,13:30,SC Weiche Flensburg 08,TSV Havelse,636,2,0,/spielbericht/index/spielbericht/3885016,2022,Regionalliga Nord
13.05.2023,16:00,SSV Jeddeloh II,SC Weiche Flensburg 08,365,1,1,/spielbericht/index/spielbericht/3885024,2022,Regionalliga Nord
20.05.2023,13:30,SC Weiche Flensburg 08,E. Norderstedt,775,1,1,/spielbericht/index/spielbericht/3885034,2022,Regionalliga Nord
27.05.2023,14:00,Hamburger SV II,SC Weiche Flensburg 08,250,0,2,/spielbericht/index/spielbericht/3885042,2022,Regionalliga Nord
17.07.2022,14:00,FC Kilia Kiel,SC Weiche Flensburg 08,472,1,2,/spielbericht/index/spielbericht/3830894,2022,Landespokal Schleswig-Holstein
24.07.2022,14:00,SV Todesfelde,SC Weiche Flensburg 08,310,0,2,/spielbericht/index/spielbericht/3883239,2022,Landespokal Schleswig-Holstein
10.04.2023,14:00,TSV Büsum,SC Weiche Flensburg 08,801,1,4,/spielbericht/index/spielbericht/3895982,2022,Landespokal Schleswig-Holstein
03.06.2023,12:15,SC Weiche Flensburg 08,VfB Lübeck,3.300,1,2,/spielbericht/index/spielbericht/4062414,2022,Landespokal Schleswig-Holstein
05.06.2024,19:30,TuS Bersenbrück,SC Weiche Flensburg 08,1.885,2,2,/spielbericht/index/spielbericht/4354135,2023,Relegation Regionalliga Nord
09.06.2024,15:00,SC Weiche Flensburg 08,TuS Bersenbrück,1.888,2,1,/spielbericht/index/spielbericht/4354136,2023,Relegation Regionalliga Nord
29.07.2023,18:00,SC Weiche Flensburg 08,Teutonia 05,969,0,5,/spielbericht/index/spielbericht/4115696,2023,Regionalliga Nord
05.08.2023,14:00,Drochtersen/A.,SC Weiche Flensburg 08,915,0,0,/spielbericht/index/spielbericht/4115705,2023,Regionalliga Nord
11.08.2023,19:00,SC Weiche Flensburg 08,Holst. Kiel II,907,2,3,/spielbericht/index/spielbericht/4115713,2023,Regionalliga Nord
20.08.2023,15:00,Bremer SV,SC Weiche Flensburg 08,1.045,0,0,/spielbericht/index/spielbericht/4118058,2023,Regionalliga Nord
25.08.2023,19:00,SC Weiche Flensburg 08,VfB Oldenburg,891,2,2,/spielbericht/index/spielbericht/4118059,2023,Regionalliga Nord
01.09.2023,19:00,SC Weiche Flensburg 08,Hannover 96 II,860,1,1,/spielbericht/index/spielbericht/4118223,2023,Regionalliga Nord
09.09.2023,13:30,SC Weiche Flensburg 08,SSV Jeddeloh II,657,2,2,/spielbericht/index/spielbericht/4118078,2023,Regionalliga Nord
15.09.2023,19:00,Eimsbütteler TV,SC Weiche Flensburg 08,450,0,5,/spielbericht/index/spielbericht/4118086,2023,Regionalliga Nord
23.09.2023,13:30,SC Weiche Flensburg 08,St. Pauli II,835,0,5,/spielbericht/index/spielbericht/4118097,2023,Regionalliga Nord
30.09.2023,18:30,Blau-Weiß Lohne,SC Weiche Flensburg 08,849,0,3,/spielbericht/index/spielbericht/4118108,2023,Regionalliga Nord
06.10.2023,19:00,SC Weiche Flensburg 08,Phönix Lübeck,809,0,5,/spielbericht/index/spielbericht/4118113,2023,Regionalliga Nord
13.10.2023,19:00,FC Kilia Kiel,SC Weiche Flensburg 08,500,2,3,/spielbericht/index/spielbericht/4118122,2023,Regionalliga Nord
21.10.2023,13:30,SC Weiche Flensburg 08,TSV Havelse,756,1,2,/spielbericht/index/spielbericht/4118132,2023,Regionalliga Nord
27.10.2023,19:00,SV Meppen,SC Weiche Flensburg 08,5.648,3,2,/spielbericht/index/spielbericht/4118140,2023,Regionalliga Nord
01.04.2024,15:00,Spelle-Venhaus,SC Weiche Flensburg 08,346,0,3,/spielbericht/index/spielbericht/4118156,2023,Regionalliga Nord
10.11.2023,19:00,SC Weiche Flensburg 08,Hamburger SV II,1.078,1,2,/spielbericht/index/spielbericht/4118158,2023,Regionalliga Nord
20.03.2024,19:00,E. Norderstedt,SC Weiche Flensburg 08,306,1,1,/spielbericht/index/spielbericht/4118175,2023,Regionalliga Nord
26.11.2023,14:00,Teutonia 05,SC Weiche Flensburg 08,387,1,0,/spielbericht/index/spielbericht/4118180,2023,Regionalliga Nord
28.03.2024,19:30,SC Weiche Flensburg 08,Drochtersen/A.,876,2,2,/spielbericht/index/spielbericht/4118186,2023,Regionalliga Nord
04.02.2024,14:00,Holst. Kiel II,SC Weiche Flensburg 08,209,0,3,/spielbericht/index/spielbericht/4118200,2023,Regionalliga Nord
08.05.2024,19:30,SC Weiche Flensburg 08,Bremer SV,848,4,4,/spielbericht/index/spielbericht/4118204,2023,Regionalliga Nord
18.02.2024,14:00,VfB Oldenburg,SC Weiche Flensburg 08,2.397,2,0,/spielbericht/index/spielbericht/4118214,2023,Regionalliga Nord
24.02.2024,13:00,Hannover 96 II,SC Weiche Flensburg 08,200,1,1,/spielbericht/index/spielbericht/4118069,2023,Regionalliga Nord
02.03.2024,16:00,SSV Jeddeloh II,SC Weiche Flensburg 08,405,3,1,/spielbericht/index/spielbericht/4118233,2023,Regionalliga Nord
08.03.2024,19:30,SC Weiche Flensburg 08,Eimsbütteler TV,753,1,0,/spielbericht/index/spielbericht/4118240,2023,Regionalliga Nord
17.03.2024,14:00,St. Pauli II,SC Weiche Flensburg 08,277,0,0,/spielbericht/index/spielbericht/4118254,2023,Regionalliga Nord
23.03.2024,18:30,SC Weiche Flensburg 08,Blau-Weiß Lohne,804,4,3,/spielbericht/index/spielbericht/4118259,2023,Regionalliga Nord
06.04.2024,13:00,Phönix Lübeck,SC Weiche Flensburg 08,364,6,0,/spielbericht/index/spielbericht/4118266,2023,Regionalliga Nord
12.04.2024,19:00,SC Weiche Flensburg 08,FC Kilia Kiel,814,0,0,/spielbericht/index/spielbericht/4118275,2023,Regionalliga Nord
20.04.2024,14:00,TSV Havelse,SC Weiche Flensburg 08,341,1,0,/spielbericht/index/spielbericht/4118290,2023,Regionalliga Nord
26.04.2024,19:00,SC Weiche Flensburg 08,SV Meppen,1.081,0,1,/spielbericht/index/spielbericht/4118293,2023,Regionalliga Nord
04.05.2024,13:30,SC Weiche Flensburg 08,Spelle-Venhaus,812,1,0,/spielbericht/index/spielbericht/4118303,2023,Regionalliga Nord
12.05.2024,13:00,Hamburger SV II,SC Weiche Flensburg 08,150,0,1,/spielbericht/index/spielbericht/4118312,2023,Regionalliga Nord
18.05.2024,15:30,SC Weiche Flensburg 08,E. Norderstedt,1.728,0,2,/spielbericht/index/spielbericht/4118327,2023,Regionalliga Nord
14.07.2023,19:00,FC Kilia Kiel,SC Weiche Flensburg 08,900,1,3,/spielbericht/index/spielbericht/4083949,2023,Landespokal Schleswig-Holstein
22.07.2023,14:00,PSV Neumünster,SC Weiche Flensburg 08,281,7,6,/spielbericht/index/spielbericht/4131081,2023,Landespokal Schleswig-Holstein
27.07.2024,14:00,SV Meppen,SC Weiche Flensburg 08,5.823,1,1,/spielbericht/index/spielbericht/4388062,2024,Regionalliga Nord
02.08.2024,19:30,SC Weiche Flensburg 08,Drochtersen/A.,1.024,1,0,/spielbericht/index/spielbericht/4398259,2024,Regionalliga Nord
11.08.2024,15:00,Bremer SV,SC Weiche Flensburg 08,860,2,4,/spielbericht/index/spielbericht/4398274,2024,Regionalliga Nord
17.08.2024,13:30,SC Weiche Flensburg 08,SSV Jeddeloh II,843,4,1,/spielbericht/index/spielbericht/4398277,2024,Regionalliga Nord
20.08.2024,19:30,VfB Lübeck,SC Weiche Flensburg 08,3.252,1,2,/spielbericht/index/spielbericht/4398286,2024,Regionalliga Nord
24.08.2024,13:30,SC Weiche Flensburg 08,TSV Havelse,1.194,1,2,/spielbericht/index/spielbericht/4398295,2024,Regionalliga Nord
01.09.2024,14:00,E. Norderstedt,SC Weiche Flensburg 08,483,1,2,/spielbericht/index/spielbericht/4398310,2024,Regionalliga Nord
07.09.2024,13:30,SC Weiche Flensburg 08,Teutonia 05,941,3,0,/spielbericht/index/spielbericht/4398312,2024,Regionalliga Nord
13.09.2024,19:00,Phönix Lübeck,SC Weiche Flensburg 08,514,2,1,/spielbericht/index/spielbericht/4398321,2024,Regionalliga Nord
20.09.2024,19:00,SC Weiche Flensburg 08,Kickers Emden,1.207,1,3,/spielbericht/index/spielbericht/4398330,2024,Regionalliga Nord
27.09.2024,19:30,Blau-Weiß Lohne,SC Weiche Flensburg 08,550,3,1,/spielbericht/index/spielbericht/4398340,2024,Regionalliga Nord
03.10.2024,14:00,SC Weiche Flensburg 08,VfB Oldenburg,1.294,2,0,/spielbericht/index/spielbericht/4398356,2024,Regionalliga Nord
06.10.2024,14:00,W. Bremen II,SC Weiche Flensburg 08,408,4,1,/spielbericht/index/spielbericht/4398362,2024,Regionalliga Nord
12.10.2024,13:30,SC Weiche Flensburg 08,SV Todesfelde,1.044,5,0,/spielbericht/index/spielbericht/4398369,2024,Regionalliga Nord
20.10.2024,14:00,St. Pauli II,SC Weiche Flensburg 08,267,2,2,/spielbericht/index/spielbericht/4398382,2024,Regionalliga Nord
25.10.2024,19:00,SC Weiche Flensburg 08,Hamburger SV II,1.311,1,0,/spielbericht/index/spielbericht/4398384,2024,Regionalliga Nord
03.11.2024,14:00,Holst. Kiel II,SC Weiche Flensburg 08,225,2,2,/spielbericht/index/spielbericht/4398399,2024,Regionalliga Nord
09.11.2024,13:30,SC Weiche Flensburg 08,SV Meppen,1.400,1,4,/spielbericht/index/spielbericht/4406489,2024,Regionalliga Nord
15.11.2024,19:30,Drochtersen/A.,SC Weiche Flensburg 08,865,3,0,/spielbericht/index/spielbericht/4406497,2024,Regionalliga Nord
21.04.2025,14:00,SC Weiche Flensburg 08,Bremer SV,849,3,2,/spielbericht/index/spielbericht/4406508,2024,Regionalliga Nord
05.03.2025,19:00,SSV Jeddeloh II,SC Weiche Flensburg 08,350,1,1,/spielbericht/index/spielbericht/4406519,2024,Regionalliga Nord
17.04.2025,19:30,SC Weiche Flensburg 08,VfB Lübeck,1.522,1,1,/spielbericht/index/spielbericht/4406524,2024,Regionalliga Nord
23.02.2025,14:00,TSV Havelse,SC Weiche Flensburg 08,547,2,1,/spielbericht/index/spielbericht/4406653,2024,Regionalliga Nord
01.03.2025,13:30,SC Weiche Flensburg 08,E. Norderstedt,829,1,1,/spielbericht/index/spielbericht/4406655,2024,Regionalliga Nord
09.03.2025,13:30,Teutonia 05,SC Weiche Flensburg 08,389,1,0,/spielbericht/index/spielbericht/4406668,2024,Regionalliga Nord
14.03.2025,19:00,SC Weiche Flensburg 08,Phönix Lübeck,704,0,0,/spielbericht/index/spielbericht/4407487,2024,Regionalliga Nord
21.03.2025,19:00,Kickers Emden,SC Weiche Flensburg 08,2.150,4,0,/spielbericht/index/spielbericht/4407496,2024,Regionalliga Nord
28.03.2025,19:30,SC Weiche Flensburg 08,Blau-Weiß Lohne,724,0,3,/spielbericht/index/spielbericht/4407505,2024,Regionalliga Nord
04.04.2025,18:30,VfB Oldenburg,SC Weiche Flensburg 08,2.793,5,1,/spielbericht/index/spielbericht/4407802,2024,Regionalliga Nord
12.04.2025,13:30,SC Weiche Flensburg 08,W. Bremen II,873,3,3,/spielbericht/index/spielbericht/4408045,2024,Regionalliga Nord
27.04.2025,14:00,SV Todesfelde,SC Weiche Flensburg 08,467,1,3,/spielbericht/index/spielbericht/4408068,2024,Regionalliga Nord
03.05.2025,13:30,SC Weiche Flensburg 08,St. Pauli II,1.092,0,1,/spielbericht/index/spielbericht/4408496,2024,Regionalliga Nord
09.05.2025,19:30,Hamburger SV II,SC Weiche Flensburg 08,276,2,1,/spielbericht/index/spielbericht/4408821,2024,Regionalliga Nord
17.05.2025,13:30,SC Weiche Flensburg 08,Holst. Kiel II,897,2,4,/spielbericht/index/spielbericht/4408913,2024,Regionalliga Nord
21.07.2024,14:00,Heider SV,SC Weiche Flensburg 08,652,3,5,/spielbericht/index/spielbericht/4363651,2024,Landespokal Schleswig-Holstein
06.08.2024,19:00,Kaltenkirchen,SC Weiche Flensburg 08,230,5,4,/spielbericht/index/spielbericht/4363657,2024,Landespokal Schleswig-Holstein
