datetime,home_team,away_team,participants,home_score,away_score,season,round,home_division,away_division,match_link
8/15/2014 19:00,Chemnitzer FC,1.FSV Mainz 05,10287,10,9,2014,1,3,1,/spielbericht/index/spielbericht/2458309
8/15/2014 19:00,Waldalgesheim,Bayer 04 Leverkusen,7524,0,6,2014,1,4,1,/spielbericht/index/spielbericht/2458316
8/15/2014 20:00,MSV Duisburg,1.FC Nürnberg,18108,1,0,2014,1,3,2,/spielbericht/index/spielbericht/2458320
8/16/2014 15:30,FT Braunschweig,1.FC Köln,9067,0,4,2014,1,4,2,/spielbericht/index/spielbericht/2458336
8/16/2014 15:30,SV Waldkirch,SpVgg Greuther Fürth,3820,0,3,2014,1,4,2,/spielbericht/index/spielbericht/2458338
8/16/2014 15:30,Stuttg. Kickers,Borussia Dortmund,36000,1,4,2014,1,3,1,/spielbericht/index/spielbericht/2458322
8/16/2014 15:30,FC Viktoria Köln,Hertha BSC,5239,2,4,2014,1,4,2,/spielbericht/index/spielbericht/2458321
8/16/2014 15:30,Bremer SV,Eintracht Braunschweig,2901,0,1,2014,1,4,2,/spielbericht/index/spielbericht/2458314
8/16/2014 15:30,FC 08 Homburg,Borussia Mönchengladbach,17000,1,3,2014,1,4,1,/spielbericht/index/spielbericht/2458308
8/16/2014 15:30,VfL Bochum,VfB Stuttgart,22694,2,0,2014,1,2,1,/spielbericht/index/spielbericht/2458319
8/16/2014 15:30,FSV Optik Rathenow,FC St. Pauli,4500,1,3,2014,1,4,2,/spielbericht/index/spielbericht/2458310
8/16/2014 15:30,FC-Astoria Walldorf,Hannover 96,3400,1,3,2014,1,4,2,/spielbericht/index/spielbericht/2458333
8/16/2014 18:00,SV Wehen Wiesbaden,1.FC Kaiserslautern,9496,3,5,2014,1,3,2,/spielbericht/index/spielbericht/2458326
8/16/2014 20:30,Sportfreunde Siegen,FSV Frankfurt,4226,7,8,2014,1,4,2,/spielbericht/index/spielbericht/2458325
8/16/2014 20:30,BFC Viktoria 89,Eintracht Frankfurt,10000,0,2,2014,1,4,1,/spielbericht/index/spielbericht/2485834
8/17/2014 14:30,FC Carl Zeiss Jena,FC Erzgebirge Aue,8745,0,1,2014,1,4,2,/spielbericht/index/spielbericht/2458329
8/17/2014 14:30,FV Illertissen,SV Werder Bremen,10205,2,3,2014,1,4,1,/spielbericht/index/spielbericht/2458323
8/17/2014 14:30,USC Paloma,TSG 1899 Hoffenheim,5000,0,9,2014,1,4,1,/spielbericht/index/spielbericht/2458330
8/17/2014 14:30,BSV Schwarz-Weiß Rehden,VfR Aalen,780000,4,5,2014,1,4,2,/spielbericht/index/spielbericht/2458312
8/17/2014 14:30,Holstein Kiel,TSV 1860 München,8408,1,2,2014,1,3,2,/spielbericht/index/spielbericht/2458315
8/17/2014 16:00,Würzb. Kickers,Fortuna Düsseldorf,10500,3,2,2014,1,4,2,/spielbericht/index/spielbericht/2458328
8/17/2014 16:00,Preußen Münster,FC Bayern München,16797,1,4,2014,1,3,1,/spielbericht/index/spielbericht/2458313
8/17/2014 16:00,1.FC Neubrandenburg 04,Karlsruher SC,3000,1,3,2014,1,4,2,/spielbericht/index/spielbericht/2458331
8/17/2014 16:00,Arminia Bielefeld,SV Sandhausen,7305,4,1,2014,1,3,2,/spielbericht/index/spielbericht/2458332
8/17/2014 16:00,Eintracht Trier,SC Freiburg,5292,0,2,2014,1,4,1,/spielbericht/index/spielbericht/2458311
8/17/2014 18:30,1.FC Magdeburg,FC Augsburg,17854,1,0,2014,1,4,1,/spielbericht/index/spielbericht/2458318
8/17/2014 20:30,SV Darmstadt 98,VfL Wolfsburg,13900,4,5,2014,1,2,1,/spielbericht/index/spielbericht/2458327
8/18/2014 18:30,Kickers Offenbach,FC Ingolstadt,7386,4,2,2014,1,4,2,/spielbericht/index/spielbericht/2458335
8/18/2014 18:30,FC Energie Cottbus,Hamburger SV,16184,3,6,2014,1,3,2,/spielbericht/index/spielbericht/2458337
8/18/2014 20:30,SG Dynamo Dresden,FC Schalke 04,29590,2,1,2014,1,3,1,/spielbericht/index/spielbericht/2458317
10/28/2014 19:00,Kickers Offenbach,Karlsruher SC,16106,1,0,2014,2,4,2,/spielbericht/index/spielbericht/2488528
10/28/2014 19:00,Chemnitzer FC,SV Werder Bremen,10161,0,2,2014,2,3,1,/spielbericht/index/spielbericht/2488526
10/28/2014 19:00,Arminia Bielefeld,Hertha BSC,23098,4,2,2014,2,3,1,/spielbericht/index/spielbericht/2488527
10/28/2014 20:30,SG Dynamo Dresden,VfL Bochum,28053,2,1,2014,2,3,2,/spielbericht/index/spielbericht/2488529
10/28/2014 20:30,MSV Duisburg,1.FC Köln,30600,1,4,2014,2,3,1,/spielbericht/index/spielbericht/2488530
10/28/2014 20:30,FC St. Pauli,Borussia Dortmund,29063,0,3,2014,2,2,1,/spielbericht/index/spielbericht/2488539
10/28/2014 20:30,1.FC Kaiserslautern,Greuther Fürth,23111,2,0,2014,2,2,2,/spielbericht/index/spielbericht/2488536
10/29/2014 19:00,TSV 1860 München,SC Freiburg,18100,2,5,2014,2,2,1,/spielbericht/index/spielbericht/2488532
10/29/2014 19:00,1.FC Magdeburg,Bayer 04 Leverkusen,23855,6,7,2014,2,4,1,/spielbericht/index/spielbericht/2488525
10/29/2014 19:00,Würzb. Kickers,Eintracht Braunschweig,11240,0,1,2014,2,4,2,/spielbericht/index/spielbericht/2488531
10/29/2014 20:30,Hamburger SV,FC Bayern München,57000,1,3,2014,2,1,1,/spielbericht/index/spielbericht/2488533
10/29/2014 20:30,VfL Wolfsburg,1.FC Heidenheim 1846,7608,4,1,2014,2,1,2,/spielbericht/index/spielbericht/2488537
10/29/2014 20:30,TSG 1899 Hoffenheim,FSV Frankfurt,11441,5,1,2014,2,1,2,/spielbericht/index/spielbericht/2488534
10/29/2014 20:30,Eintracht Frankfurt,Borussia Mönchengladbach,46500,1,2,2014,2,1,1,/spielbericht/index/spielbericht/2488540
3/3/2015 19:00,Bayer 04 Leverkusen,1.FC Kaiserslautern,26601,2,0,2014,3,1,2,/spielbericht/index/spielbericht/2507893
3/3/2015 19:00,VfR Aalen,TSG 1899 Hoffenheim,8252,0,2,2014,3,2,1,/spielbericht/index/spielbericht/2507896
3/3/2015 20:30,SC Freiburg,1.FC Köln,18800,2,1,2014,3,1,1,/spielbericht/index/spielbericht/2507900
3/3/2015 20:30,SG Dynamo Dresden,Borussia Dortmund,30503,0,2,2014,3,3,1,/spielbericht/index/spielbericht/2507899
3/4/2015 19:00,Arminia Bielefeld,SV Werder Bremen,26137,3,1,2014,3,3,1,/spielbericht/index/spielbericht/2507898
3/4/2015 19:00,RB Leipzig,VfL Wolfsburg,43348,0,2,2014,3,2,1,/spielbericht/index/spielbericht/2507897
3/4/2015 20:30,FC Bayern München,Eintracht Braunschweig,75000,2,0,2014,3,1,2,/spielbericht/index/spielbericht/2507895
3/4/2015 20:30,Kickers Offenbach,Borussia Mönchengladbach,20500,0,2,2014,3,4,1,/spielbericht/index/spielbericht/2507894
4/7/2015 19:00,VfL Wolfsburg,SC Freiburg,15237,1,0,2014,4,1,1,/spielbericht/index/spielbericht/2544476
4/7/2015 20:30,Borussia Dortmund,TSG 1899 Hoffenheim,80667,3,2,2014,4,1,1,/spielbericht/index/spielbericht/2544475
4/8/2015 19:00,Arminia Bielefeld,Borussia Mönchengladbach,26137,6,5,2014,4,3,1,/spielbericht/index/spielbericht/2544477
4/8/2015 20:30,Bayer 04 Leverkusen,FC Bayern München,30210,3,5,2014,4,1,1,/spielbericht/index/spielbericht/2544474
4/28/2015 20:30,FC Bayern München,Borussia Dortmund,75024,1,3,2014,5,1,1,/spielbericht/index/spielbericht/2551355
4/29/2015 20:30,Arminia Bielefeld,VfL Wolfsburg,26137,0,4,2014,5,3,1,/spielbericht/index/spielbericht/2551356
5/30/2015 20:00,Borussia Dortmund,VfL Wolfsburg,75815,1,3,2014,6,1,1,/spielbericht/index/spielbericht/2561745
8/7/2015 19:00,BFC Dynamo,FSV Frankfurt,6891,0,2,2015,1,4,2,/spielbericht/index/spielbericht/2576675
8/7/2015 19:00,TuS Erndtebrück,SV Darmstadt 98,7857,0,5,2015,1,4,2,/spielbericht/index/spielbericht/2576657
8/7/2015 20:00,SV 07 Elversberg,FC Augsburg,5400,1,3,2015,1,4,1,/spielbericht/index/spielbericht/2576681
8/8/2015 15:30,Sportfreunde Lotte,Bayer 04 Leverkusen,5450,0,3,2015,1,4,1,/spielbericht/index/spielbericht/2576670
8/8/2015 15:30,Stuttgarter Kickers,VfL Wolfsburg,9760,1,4,2015,1,3,1,/spielbericht/index/spielbericht/2576667
8/8/2015 15:30,SV Meppen,1.FC Köln,13815,0,4,2015,1,4,1,/spielbericht/index/spielbericht/2576662
8/8/2015 15:30,FC Viktoria Köln,1.FC Union Berlin,4540,2,1,2015,1,4,2,/spielbericht/index/spielbericht/2576660
8/8/2015 15:30,Hallescher FC,Eintracht Braunschweig,9549,0,1,2015,1,3,2,/spielbericht/index/spielbericht/2576665
8/8/2015 15:30,Bremer SV,Eintracht Frankfurt,3400,0,3,2015,1,4,1,/spielbericht/index/spielbericht/2576687
8/8/2015 15:30,FC Erzgebirge Aue,Greuther Fürth,6000,1,0,2015,1,3,2,/spielbericht/index/spielbericht/2576674
8/8/2015 15:30,Würzb. Kickers,SV Werder Bremen,9706,0,2,2015,1,3,1,/spielbericht/index/spielbericht/2576673
8/8/2015 18:00,TSV 1860 München,TSG 1899 Hoffenheim,17800,2,0,2015,1,2,1,/spielbericht/index/spielbericht/2576686
8/8/2015 20:30,Holstein Kiel,VfB Stuttgart,9916,1,2,2015,1,3,1,/spielbericht/index/spielbericht/2576685
8/8/2015 20:30,SSV Reutlingen 05,Karlsruher SC,8166,3,1,2015,1,4,2,/spielbericht/index/spielbericht/2576677
8/9/2015 14:30,Bahlinger SC,SV Sandhausen,3890,3,5,2015,1,4,2,/spielbericht/index/spielbericht/2576663
8/9/2015 14:30,HSV Barmbek-Uhlenhorst,SC Freiburg,4607,0,5,2015,1,4,2,/spielbericht/index/spielbericht/2576668
8/9/2015 14:30,FSV Salmrohr,VfL Bochum,4500,0,5,2015,1,4,2,/spielbericht/index/spielbericht/2576676
8/9/2015 14:30,Chemnitzer FC,Borussia Dortmund,12500,0,2,2015,1,3,1,/spielbericht/index/spielbericht/2576679
8/9/2015 14:30,FC Carl Zeiss Jena,Hamburger SV,13800,3,2,2015,1,4,1,/spielbericht/index/spielbericht/2576658
8/9/2015 16:00,RW Essen,Fortuna Düsseldorf,17500,1,3,2015,1,4,2,/spielbericht/index/spielbericht/2576672
8/9/2015 16:00,FC Nöttingen,FC Bayern München,29486,1,3,2015,1,4,1,/spielbericht/index/spielbericht/2576682
8/9/2015 16:00,SpVgg Unterhaching,FC Ingolstadt,6500,2,1,2015,1,4,2,/spielbericht/index/spielbericht/2576680
8/9/2015 16:00,VfB Lübeck,SC Paderborn 07,7558,1,2,2015,1,4,2,/spielbericht/index/spielbericht/2576661
8/9/2015 18:30,FC Hansa Rostock,1.FC Kaiserslautern,20100,4,5,2015,1,3,2,/spielbericht/index/spielbericht/2576669
8/9/2015 18:30,KSV Hessen Kassel,Hannover 96,18482,0,2,2015,1,4,1,/spielbericht/index/spielbericht/2576684
8/9/2015 20:30,Energie Cottbus,1.FSV Mainz 05,11123,0,3,2015,1,3,1,/spielbericht/index/spielbericht/2576666
8/10/2015 18:30,VfR Aalen,1.FC Nürnberg,9172,1,2,2015,1,3,2,/spielbericht/index/spielbericht/2576688
8/10/2015 18:30,VfL Osnabrück,RB Leipzig,10000,0,2,2015,1,3,2,/spielbericht/index/spielbericht/2576664
8/10/2015 20:30,FC St. Pauli,Borussia Mönchengladbach,28175,1,4,2015,1,2,1,/spielbericht/index/spielbericht/2576683
10/27/2015 19:00,1.FC Nürnberg,Fortuna Düsseldorf,19235,5,1,2015,2,2,2,/spielbericht/index/spielbericht/2615042
10/27/2015 19:00,1.FSV Mainz 05,TSV 1860 München,17017,1,2,2015,2,1,2,/spielbericht/index/spielbericht/2615041
10/27/2015 19:00,FC Erzgebirge Aue,Eintracht Frankfurt,10750,1,0,2015,2,3,1,/spielbericht/index/spielbericht/2615033
10/27/2015 20:30,SpVgg Unterhaching,RB Leipzig,5000,3,0,2015,2,4,2,/spielbericht/index/spielbericht/2615034
10/27/2015 20:30,VfL Wolfsburg,FC Bayern München,30000,1,3,2015,2,1,1,/spielbericht/index/spielbericht/2615047
10/27/2015 20:30,VfL Bochum,1.FC Kaiserslautern,18514,1,0,2015,2,2,2,/spielbericht/index/spielbericht/2615045
10/28/2015 19:00,SC Freiburg,FC Augsburg,19600,0,3,2015,2,2,1,/spielbericht/index/spielbericht/2615044
10/28/2015 19:00,FC Viktoria Köln,Bayer 04 Leverkusen,6177,0,6,2015,2,4,1,/spielbericht/index/spielbericht/2615032
10/28/2015 19:00,Borussia Dortmund,SC Paderborn 07,74605,7,1,2015,2,1,2,/spielbericht/index/spielbericht/2615039
10/28/2015 20:30,FC Carl Zeiss Jena,VfB Stuttgart,18000,0,2,2015,2,4,1,/spielbericht/index/spielbericht/2615035
10/28/2015 20:30,SV Werder Bremen,1.FC Köln,40052,1,0,2015,2,1,1,/spielbericht/index/spielbericht/2615046
10/28/2015 20:30,FC Schalke 04,Borussia Mönchengladbach,60655,0,2,2015,2,1,1,/spielbericht/index/spielbericht/2615037
10/28/2015 20:30,SSV Reutlingen 05,Eintracht Braunschweig,7524,0,4,2015,2,4,2,/spielbericht/index/spielbericht/2615036
12/15/2015 19:15,Borussia Mönchengladbach,SV Werder Bremen,53106,3,4,2015,3,1,1,/spielbericht/index/spielbericht/2636830
12/15/2015 19:15,SpVgg Unterhaching,Bayer 04 Leverkusen,12500,1,3,2015,3,4,1,/spielbericht/index/spielbericht/2636824
12/15/2015 20:30,FC Bayern München,SV Darmstadt 98,70000,1,0,2015,3,1,1,/spielbericht/index/spielbericht/2636827
12/15/2015 20:30,FC Erzgebirge Aue,1.FC Heidenheim 1846,8250,0,2,2015,3,3,2,/spielbericht/index/spielbericht/2636825
12/16/2015 19:00,1.FC Nürnberg,Hertha BSC,35204,0,2,2015,3,2,1,/spielbericht/index/spielbericht/2636829
12/16/2015 19:00,VfB Stuttgart,Eintracht Braunschweig,21950,3,2,2015,3,1,2,/spielbericht/index/spielbericht/2636831
12/16/2015 20:30,TSV 1860 München,VfL Bochum,19800,0,2,2015,3,3,1,/spielbericht/index/spielbericht/2636828
12/16/2015 20:30,FC Augsburg,Borussia Dortmund,30101,0,2,2015,3,1,1,/spielbericht/index/spielbericht/2636826
2/9/2016 19:00,Bayer 04 Leverkusen,SV Werder Bremen,24104,1,3,2015,4,1,1,/spielbericht/index/spielbericht/2646706
2/9/2016 20:30,VfB Stuttgart,Borussia Dortmund,46500,1,3,2015,4,1,1,/spielbericht/index/spielbericht/2646703
2/10/2016 20:30,VfL Bochum,FC Bayern München,28000,0,3,2015,4,2,1,/spielbericht/index/spielbericht/2646705
4/19/2016 20:30,FC Bayern München,SV Werder Bremen,75024,2,0,2015,5,1,1,/spielbericht/index/spielbericht/2664151
4/20/2016 20:30,Hertha BSC,Borussia Dortmund,76233,0,3,2015,5,1,1,/spielbericht/index/spielbericht/2664150
5/21/2016 20:00,FC Bayern München,Borussia Dortmund,74322,4,3,2015,6,1,1,/spielbericht/index/spielbericht/2684201
8/19/2016 20:45,Carl Zeiss Jena,FC Bayern München,19000,0,5,2016,1,4,1,/spielbericht/index/spielbericht/2699234
8/19/2016 20:45,VfB Lübeck,FC St. Pauli,13300,0,3,2016,1,4,2,/spielbericht/index/spielbericht/2699107
8/19/2016 20:45,FV Ravensburg,FC Augsburg,7200,0,2,2016,1,4,1,/spielbericht/index/spielbericht/2699123
8/20/2016 15:30,RW Essen,Arminia Bielefeld,17500,6,7,2016,1,4,2,/spielbericht/index/spielbericht/2699108
8/20/2016 15:30,Hallescher FC,1.FC Kaiserslautern,10021,4,3,2016,1,3,2,/spielbericht/index/spielbericht/2699235
8/20/2016 15:30,FC 08 Villingen,FC Schalke 04,14400,1,4,2016,1,4,1,/spielbericht/index/spielbericht/2699231
8/20/2016 15:30,SG Dynamo Dresden,RB Leipzig,29922,7,6,2016,1,2,2,/spielbericht/index/spielbericht/2699119
8/20/2016 15:30,Würzb. Kickers,Eintracht Braunschweig,6384,1,0,2016,1,2,2,/spielbericht/index/spielbericht/2699114
8/20/2016 15:30,Drochtersen/A.,Borussia Mönchengladbach,7000,0,1,2016,1,4,1,/spielbericht/index/spielbericht/2699228
8/20/2016 15:30,BFC Preussen,1.FC Köln,6318,0,7,2016,1,4,1,/spielbericht/index/spielbericht/2699121
8/20/2016 15:30,SV Babelsberg 03,SC Freiburg,6341,0,4,2016,1,4,2,/spielbericht/index/spielbericht/2699118
8/20/2016 15:30,FC Viktoria Köln,1.FC Nürnberg,4787,6,7,2016,1,4,2,/spielbericht/index/spielbericht/2699109
8/20/2016 18:30,TSV 1860 München,Karlsruher SC,16800,2,1,2016,1,2,2,/spielbericht/index/spielbericht/2699113
8/20/2016 18:30,FC 08 Homburg,VfB Stuttgart,10800,0,3,2016,1,4,2,/spielbericht/index/spielbericht/2699233
8/20/2016 18:30,FC Hansa Rostock,Fortuna Düsseldorf,18100,0,3,2016,1,3,2,/spielbericht/index/spielbericht/2699106
8/20/2016 20:45,FSV Frankfurt,VfL Wolfsburg,5050,1,2,2016,1,3,1,/spielbericht/index/spielbericht/2699229
8/21/2016 15:30,SpVgg Unterhaching,1.FSV Mainz 05,7500,5,7,2016,1,4,1,/spielbericht/index/spielbericht/2699125
8/21/2016 15:30,1.FC Magdeburg,Eintracht Frankfurt,24606,4,5,2016,1,3,1,/spielbericht/index/spielbericht/2699124
8/21/2016 15:30,Bremer SV,SV Darmstadt 98,1993,0,7,2016,1,4,1,/spielbericht/index/spielbericht/2699122
8/21/2016 15:30,Sportfreunde Lotte,SV Werder Bremen,10059,2,1,2016,1,3,1,/spielbericht/index/spielbericht/2699127
8/21/2016 15:30,MSV Duisburg,1.FC Union Berlin,14209,1,2,2016,1,3,2,/spielbericht/index/spielbericht/2699115
8/21/2016 15:30,Eintracht Norderstedt,Greuther Fürth,3650,1,4,2016,1,4,2,/spielbericht/index/spielbericht/2699112
8/21/2016 15:30,1.FC Germania Egestorf/Langreder,TSG 1899 Hoffenheim,2585,0,6,2016,1,4,1,/spielbericht/index/spielbericht/2699120
8/21/2016 15:30,FC-Astoria Walldorf,VfL Bochum,3000,4,3,2016,1,4,2,/spielbericht/index/spielbericht/2699110
8/21/2016 15:30,SC Hauenstein,Bayer 04 Leverkusen,4000,1,2,2016,1,4,1,/spielbericht/index/spielbericht/2699232
8/21/2016 18:30,SG Wattenscheid 09,1.FC Heidenheim 1846,3323,1,2,2016,1,4,2,/spielbericht/index/spielbericht/2699116
8/21/2016 18:30,SSV Jahn Regensburg,Hertha BSC,12526,4,6,2016,1,3,1,/spielbericht/index/spielbericht/2699230
8/22/2016 18:30,Kickers Offenbach,Hannover 96,10573,2,3,2016,1,4,2,/spielbericht/index/spielbericht/2699111
8/22/2016 18:30,FSV Zwickau,Hamburger SV,10134,0,1,2016,1,3,1,/spielbericht/index/spielbericht/2699126
8/22/2016 18:30,SC Paderborn 07,SV Sandhausen,4436,1,2,2016,1,3,2,/spielbericht/index/spielbericht/2699105
8/22/2016 20:45,Eintracht Trier,Borussia Dortmund,10805,0,3,2016,1,4,1,/spielbericht/index/spielbericht/2699227
10/25/2016 18:30,SC Freiburg,SV Sandhausen,14600,6,7,2016,2,1,2,/spielbericht/index/spielbericht/2754883
10/25/2016 18:30,Sportfreunde Lotte,Bayer 04 Leverkusen,8763,6,5,2016,2,3,1,/spielbericht/index/spielbericht/2754875
10/25/2016 20:45,Hallescher FC,Hamburger SV,14004,0,4,2016,2,3,1,/spielbericht/index/spielbericht/2754874
10/25/2016 20:45,Borussia Mönchengladbach,VfB Stuttgart,40452,2,0,2016,2,1,2,/spielbericht/index/spielbericht/2754886
10/25/2016 20:45,Eintracht Frankfurt,FC Ingolstadt,6300,4,1,2016,2,1,1,/spielbericht/index/spielbericht/2754881
10/25/2016 20:45,FC St. Pauli,Hertha BSC,29123,0,2,2016,2,2,1,/spielbericht/index/spielbericht/2754885
10/26/2016 18:30,Hannover 96,Fortuna Düsseldorf,20500,6,1,2016,2,2,2,/spielbericht/index/spielbericht/2754877
10/26/2016 18:30,1.FC Heidenheim 1846,VfL Wolfsburg,9200,0,1,2016,2,2,1,/spielbericht/index/spielbericht/2754884
10/26/2016 18:30,FC-Astoria Walldorf,SV Darmstadt 98,5000,1,0,2016,2,4,1,/spielbericht/index/spielbericht/2754873
10/26/2016 18:30,Greuther Fürth,1.FSV Mainz 05,5975,2,1,2016,2,2,1,/spielbericht/index/spielbericht/2754887
10/26/2016 20:45,1.FC Nürnberg,FC Schalke 04,28281,2,3,2016,2,2,1,/spielbericht/index/spielbericht/2754876
10/26/2016 20:45,FC Bayern München,FC Augsburg,73500,3,1,2016,2,1,1,/spielbericht/index/spielbericht/2754880
10/26/2016 20:45,Borussia Dortmund,1.FC Union Berlin,79037,4,1,2016,2,1,2,/spielbericht/index/spielbericht/2754882
10/26/2016 20:45,1.FC Köln,TSG 1899 Hoffenheim,43000,2,1,2016,2,1,1,/spielbericht/index/spielbericht/2754879
2/7/2017 18:30,FC-Astoria Walldorf,Arminia Bielefeld,4000,5,6,2016,3,4,2,/spielbericht/index/spielbericht/2770149
2/7/2017 20:45,FC Bayern München,VfL Wolfsburg,73500,1,0,2016,3,1,1,/spielbericht/index/spielbericht/2770147
2/7/2017 20:45,Greuther Fürth,Borussia Mönchengladbach,12336,0,2,2016,3,2,1,/spielbericht/index/spielbericht/2770148
2/8/2017 18:30,Sportfreunde Lotte,TSV 1860 München,10056,2,0,2016,3,3,2,/spielbericht/index/spielbericht/2770144
2/8/2017 20:45,Borussia Dortmund,Hertha BSC,80500,4,3,2016,3,1,1,/spielbericht/index/spielbericht/2770142
2/8/2017 20:45,Hannover 96,Eintracht Frankfurt,31000,1,2,2016,3,2,1,/spielbericht/index/spielbericht/2770146
2/28/2017 18:30,Eintracht Frankfurt,Arminia Bielefeld,39000,1,0,2016,4,1,2,/spielbericht/index/spielbericht/2823314
3/1/2017 18:30,Hamburger SV,Borussia Mönchengladbach,53249,1,2,2016,4,1,1,/spielbericht/index/spielbericht/2823317
3/1/2017 20:45,FC Bayern München,FC Schalke 04,75000,3,0,2016,4,1,1,/spielbericht/index/spielbericht/2823316
3/14/2017 18:30,Sportfreunde Lotte,Borussia Dortmund,15780,0,3,2016,4,3,1,/spielbericht/index/spielbericht/2823315
4/25/2017 20:45,Borussia Mönchengladbach,Eintracht Frankfurt,54014,7,8,2016,5,1,1,/spielbericht/index/spielbericht/2835837
4/26/2017 20:45,FC Bayern München,Borussia Dortmund,75000,2,3,2016,5,1,1,/spielbericht/index/spielbericht/2840056
5/27/2017 20:00,Eintracht Frankfurt,Borussia Dortmund,74322,1,2,2016,6,1,1,/spielbericht/index/spielbericht/2850642
8/11/2017 19:00,TuS Koblenz,SG Dynamo Dresden,6300,2,3,2017,1,4,2,/spielbericht/index/spielbericht/2864730
8/11/2017 20:45,RW Essen,Borussia Mönchengladbach,18500,1,2,2017,1,4,1,/spielbericht/index/spielbericht/2864797
8/11/2017 20:45,Holstein Kiel,Eintracht Braunschweig,10052,2,1,2017,1,2,2,/spielbericht/index/spielbericht/2864736
8/11/2017 20:45,Karlsruher SC,Bayer 04 Leverkusen,17073,0,3,2017,1,3,1,/spielbericht/index/spielbericht/2864735
8/12/2017 15:30,TuS Erndtebrück,Eintracht Frankfurt,13106,0,3,2017,1,4,1,/spielbericht/index/spielbericht/2864734
8/12/2017 15:30,Leher TS Bremerhaven,1.FC Köln,8119,0,5,2017,1,4,1,/spielbericht/index/spielbericht/2864723
8/12/2017 15:30,SV Eichede,1.FC Kaiserslautern,4038,0,4,2017,1,4,2,/spielbericht/index/spielbericht/2864738
8/12/2017 15:30,Germania Halberstadt,SC Freiburg,5037,1,2,2017,1,4,1,/spielbericht/index/spielbericht/2864717
8/12/2017 15:30,LSK Hansa,1.FSV Mainz 05,4000,1,3,2017,1,4,1,/spielbericht/index/spielbericht/2864901
8/12/2017 15:30,1.FC Rielasingen-Arlen,Borussia Dortmund,25000,0,4,2017,1,4,1,/spielbericht/index/spielbericht/2864737
8/12/2017 15:30,SpVgg Unterhaching,1.FC Heidenheim 1846,5000,0,4,2017,1,3,2,/spielbericht/index/spielbericht/2864729
8/12/2017 15:30,Chemnitzer FC,FC Bayern München,15015,0,5,2017,1,3,1,/spielbericht/index/spielbericht/2864712
8/12/2017 18:30,SSV Jahn Regensburg,SV Darmstadt 98,8919,3,1,2017,1,2,2,/spielbericht/index/spielbericht/2864726
8/12/2017 18:30,Rot-Weiß Erfurt,TSG 1899 Hoffenheim,8144,0,1,2017,1,3,1,/spielbericht/index/spielbericht/2864714
8/12/2017 18:30,Arminia Bielefeld,Fortuna Düsseldorf,19825,1,3,2017,1,2,2,/spielbericht/index/spielbericht/2864728
8/12/2017 20:45,Würzb. Kickers,SV Werder Bremen,8090,0,3,2017,1,3,1,/spielbericht/index/spielbericht/2864724
8/13/2017 15:30,VfL Osnabrück,Hamburger SV,16000,3,1,2017,1,3,1,/spielbericht/index/spielbericht/2864718
8/13/2017 15:30,FC Nöttingen,VfL Bochum,2700,2,5,2017,1,4,2,/spielbericht/index/spielbericht/2864731
8/13/2017 15:30,1.FC Schweinfurt 05,SV Sandhausen,4610,2,1,2017,1,4,2,/spielbericht/index/spielbericht/2864715
8/13/2017 15:30,Dorfmerkingen,RB Leipzig,10460,0,5,2017,1,4,1,/spielbericht/index/spielbericht/2864721
8/13/2017 15:30,SV Morlautern,SpVgg Greuther Fürth,2800,0,5,2017,1,4,2,/spielbericht/index/spielbericht/2864725
8/13/2017 15:30,TSV 1860 München,FC Ingolstadt,12500,1,2,2017,1,4,2,/spielbericht/index/spielbericht/2864709
8/13/2017 15:30,Bonner SC,Hannover 96,9650,2,6,2017,1,4,2,/spielbericht/index/spielbericht/2864711
8/13/2017 15:30,Eintracht Norderstedt,VfL Wolfsburg,4500,0,1,2017,1,4,1,/spielbericht/index/spielbericht/2864733
8/13/2017 15:30,1.FC Saarbrücken,1.FC Union Berlin,6936,1,2,2017,1,4,2,/spielbericht/index/spielbericht/2864716
8/13/2017 18:30,FC Energie Cottbus,VfB Stuttgart,17516,5,6,2017,1,4,2,/spielbericht/index/spielbericht/2864713
8/13/2017 18:30,SV Wehen Wiesbaden,FC Erzgebirge Aue,3005,2,0,2017,1,3,2,/spielbericht/index/spielbericht/2864732
8/13/2017 18:30,1.FC Magdeburg,FC Augsburg,21641,2,0,2017,1,3,1,/spielbericht/index/spielbericht/2864719
8/14/2017 18:30,SC Paderborn 07,FC St. Pauli,12500,2,1,2017,1,3,2,/spielbericht/index/spielbericht/2864722
8/14/2017 18:30,MSV Duisburg,1.FC Nürnberg,15576,1,2,2017,1,2,2,/spielbericht/index/spielbericht/2864710
8/14/2017 18:30,BFC Dynamo,FC Schalke 04,14117,0,2,2017,1,4,1,/spielbericht/index/spielbericht/2864739
8/14/2017 20:45,FC Hansa Rostock,Hertha BSC,22400,0,2,2017,1,3,1,/spielbericht/index/spielbericht/2864720
10/24/2017 18:30,SC Paderborn 07,VfL Bochum,15000,2,0,2017,2,3,2,/spielbericht/index/spielbericht/2914242
10/24/2017 18:30,SV Wehen Wiesbaden,FC Schalke 04,11373,1,3,2017,2,3,1,/spielbericht/index/spielbericht/2914243
10/24/2017 18:30,Fortuna Düsseldorf,Borussia Mönchengladbach,52500,0,1,2017,2,2,1,/spielbericht/index/spielbericht/2914244
10/24/2017 18:35,Bayer 04 Leverkusen,1.FC Union Berlin,24326,4,1,2017,2,1,2,/spielbericht/index/spielbericht/2914247
10/24/2017 20:45,1.FSV Mainz 05,Holstein Kiel,10441,3,2,2017,2,1,2,/spielbericht/index/spielbericht/2914245
10/24/2017 20:45,1.FC Schweinfurt 05,Eintracht Frankfurt,15060,0,4,2017,2,4,1,/spielbericht/index/spielbericht/2914239
10/24/2017 20:45,SpVgg Greuther Fürth,FC Ingolstadt,4925,1,3,2017,2,2,2,/spielbericht/index/spielbericht/2914252
10/24/2017 20:45,1.FC Magdeburg,Borussia Dortmund,23102,0,5,2017,2,3,1,/spielbericht/index/spielbericht/2914241
10/25/2017 18:30,1.FC Kaiserslautern,VfB Stuttgart,28322,1,3,2017,2,2,1,/spielbericht/index/spielbericht/2914251
10/25/2017 18:30,VfL Wolfsburg,Hannover 96,15508,1,0,2017,2,1,1,/spielbericht/index/spielbericht/2914249
10/25/2017 18:30,VfL Osnabrück,1.FC Nürnberg,13557,2,3,2017,2,3,2,/spielbericht/index/spielbericht/2914240
10/25/2017 20:45,SV Werder Bremen,TSG 1899 Hoffenheim,31210,1,0,2017,2,1,1,/spielbericht/index/spielbericht/2914250
10/25/2017 20:45,RB Leipzig,FC Bayern München,42558,5,6,2017,2,1,1,/spielbericht/index/spielbericht/2914254
10/25/2017 20:45,SC Freiburg,SG Dynamo Dresden,17800,3,1,2017,2,1,2,/spielbericht/index/spielbericht/2914253
10/25/2017 20:45,SSV Jahn Regensburg,1.FC Heidenheim 1846,6678,2,5,2017,2,2,2,/spielbericht/index/spielbericht/2914248
12/19/2017 18:30,SC Paderborn 07,FC Ingolstadt,14800,1,0,2017,3,3,2,/spielbericht/index/spielbericht/2957391
12/19/2017 18:30,1.FSV Mainz 05,VfB Stuttgart,22348,3,1,2017,3,1,1,/spielbericht/index/spielbericht/2957385
12/19/2017 20:45,1.FC Nürnberg,VfL Wolfsburg,26104,0,2,2017,3,2,1,/spielbericht/index/spielbericht/2957386
12/20/2017 18:30,SV Werder Bremen,SC Freiburg,33519,3,2,2017,3,1,1,/spielbericht/index/spielbericht/2957389
12/20/2017 18:30,Borussia Mönchengladbach,Bayer 04 Leverkusen,49016,0,1,2017,3,1,1,/spielbericht/index/spielbericht/2957390
12/20/2017 20:45,1.FC Heidenheim 1846,Eintracht Frankfurt,11000,1,2,2017,3,2,1,/spielbericht/index/spielbericht/2957388
12/20/2017 20:45,FC Bayern München,Borussia Dortmund,75000,2,1,2017,3,1,1,/spielbericht/index/spielbericht/2957387
2/6/2018 18:30,SC Paderborn 07,FC Bayern München,15000,0,6,2017,4,3,1,/spielbericht/index/spielbericht/2988236
2/6/2018 20:45,Bayer 04 Leverkusen,SV Werder Bremen,25653,4,2,2017,4,1,1,/spielbericht/index/spielbericht/2988235
2/7/2018 18:30,Eintracht Frankfurt,1.FSV Mainz 05,48200,3,0,2017,4,1,1,/spielbericht/index/spielbericht/2988234
2/7/2018 20:46,FC Schalke 04,VfL Wolfsburg,50642,1,0,2017,4,1,1,/spielbericht/index/spielbericht/2988237
4/17/2018 20:45,Bayer 04 Leverkusen,FC Bayern München,30210,2,6,2017,5,1,1,/spielbericht/index/spielbericht/3002964
4/18/2018 20:45,FC Schalke 04,Eintracht Frankfurt,61891,0,1,2017,5,1,1,/spielbericht/index/spielbericht/3002965
5/19/2018 20:00,FC Bayern München,Eintracht Frankfurt,74322,1,3,2017,6,1,1,/spielbericht/index/spielbericht/3034033
8/17/2018 20:45,SV Wehen Wiesbaden,FC St. Pauli,10007,3,2,2018,1,3,2,/spielbericht/index/spielbericht/3048412
8/17/2018 20:45,1.FC Magdeburg,SV Darmstadt 98,20165,0,1,2018,1,2,2,/spielbericht/index/spielbericht/3048414
8/17/2018 20:45,1.FC Schweinfurt 05,FC Schalke 04,15060,0,2,2018,1,4,1,/spielbericht/index/spielbericht/3048427
8/18/2018 15:30,Wormatia Worms,SV Werder Bremen,8000,1,6,2018,1,4,1,/spielbericht/index/spielbericht/3048429
8/18/2018 15:30,SSV Ulm 1846,Eintracht Frankfurt,18440,2,1,2018,1,4,1,/spielbericht/index/spielbericht/3048442
8/18/2018 15:30,SV 07 Elversberg,VfL Wolfsburg,5321,0,1,2018,1,4,1,/spielbericht/index/spielbericht/3048425
8/18/2018 15:30,SV Linx,1.FC Nürnberg,5600,1,2,2018,1,4,2,/spielbericht/index/spielbericht/3048411
8/18/2018 15:30,1.CfR Pforzheim,Bayer 04 Leverkusen,4725,0,1,2018,1,4,1,/spielbericht/index/spielbericht/3048441
8/18/2018 15:30,TuS Dassendorf,MSV Duisburg,3500,0,1,2018,1,4,2,/spielbericht/index/spielbericht/3048426
8/18/2018 15:30,SV Rödinghausen,SG Dynamo Dresden,3862,3,2,2018,1,4,2,/spielbericht/index/spielbericht/3048413
8/18/2018 15:30,1.FC Kaiserslautern,TSG 1899 Hoffenheim,22818,1,6,2018,1,3,1,/spielbericht/index/spielbericht/3048432
8/18/2018 15:30,Drochtersen/A.,FC Bayern München,7800,0,1,2018,1,4,1,/spielbericht/index/spielbericht/3048430
8/18/2018 18:30,Rot-Weiß Oberhausen,SV Sandhausen,6072,0,6,2018,1,4,2,/spielbericht/index/spielbericht/3048421
8/18/2018 18:30,FC Erzgebirge Aue,1.FSV Mainz 05,7600,1,3,2018,1,2,1,/spielbericht/index/spielbericht/3048422
8/18/2018 18:30,TuS Erndtebrück,Hamburger SV,13588,3,5,2018,1,4,2,/spielbericht/index/spielbericht/3048416
8/18/2018 20:45,FC Hansa Rostock,VfB Stuttgart,24400,2,0,2018,1,3,1,/spielbericht/index/spielbericht/3048440
8/19/2018 15:30,SSV Jeddeloh II,1.FC Heidenheim 1846,4805,2,5,2018,1,4,2,/spielbericht/index/spielbericht/3048431
8/19/2018 15:30,FC Rot-Weiß Koblenz,Fortuna Düsseldorf,7500,0,5,2018,1,4,2,/spielbericht/index/spielbericht/3048418
8/19/2018 15:30,BSG Chemie Leipzig,SSV Jahn Regensburg,4999,2,1,2018,1,4,2,/spielbericht/index/spielbericht/3048424
8/19/2018 15:30,FC Viktoria Köln,RB Leipzig,4712,1,3,2018,1,4,1,/spielbericht/index/spielbericht/3048433
8/19/2018 15:30,TSV Steinbach,FC Augsburg,4204,1,2,2018,1,4,1,/spielbericht/index/spielbericht/3048417
8/19/2018 15:30,1.FC Lok Stendal,Arminia Bielefeld,2870,0,5,2018,1,4,2,/spielbericht/index/spielbericht/3048415
8/19/2018 15:30,BFC Dynamo,1.FC Köln,14357,1,9,2018,1,4,2,/spielbericht/index/spielbericht/3048428
8/19/2018 15:30,SC Weiche Flensburg 08,VfL Bochum,3500,1,0,2018,1,4,2,/spielbericht/index/spielbericht/3048423
8/19/2018 15:30,Karlsruher SC,Hannover 96,12234,0,6,2018,1,3,1,/spielbericht/index/spielbericht/3048438
8/19/2018 18:30,BSC Hastedt,Borussia Mönchengladbach,4997,1,11,2018,1,4,1,/spielbericht/index/spielbericht/3048436
8/19/2018 18:30,FC Carl Zeiss Jena,1.FC Union Berlin,10600,2,4,2018,1,3,2,/spielbericht/index/spielbericht/3048434
8/19/2018 18:30,TSV 1860 München,Holstein Kiel,14200,1,3,2018,1,3,2,/spielbericht/index/spielbericht/3048420
8/20/2018 18:30,Eintracht Braunschweig,Hertha BSC,16710,1,2,2018,1,3,1,/spielbericht/index/spielbericht/3048439
8/20/2018 18:30,SC Paderborn 07,FC Ingolstadt,9427,2,1,2018,1,2,2,/spielbericht/index/spielbericht/3048435
8/20/2018 18:30,FC Energie Cottbus,SC Freiburg,15245,5,7,2018,1,3,1,/spielbericht/index/spielbericht/3048437
8/20/2018 20:45,Greuther Fürth,Borussia Dortmund,15500,1,2,2018,1,2,1,/spielbericht/index/spielbericht/3048419
10/30/2018 18:30,Hannover 96,VfL Wolfsburg,34400,0,2,2018,2,1,1,/spielbericht/index/spielbericht/3096456
10/30/2018 18:30,SSV Ulm 1846,Fortuna Düsseldorf,17000,1,5,2018,2,4,1,/spielbericht/index/spielbericht/3096444
10/30/2018 18:30,BSG Chemie Leipzig,SC Paderborn 07,4999,0,3,2018,2,4,2,/spielbericht/index/spielbericht/3096440
10/30/2018 18:45,SV Darmstadt 98,Hertha BSC,15000,0,2,2018,2,2,1,/spielbericht/index/spielbericht/3096457
10/30/2018 20:45,FC Augsburg,1.FSV Mainz 05,15561,3,2,2018,2,1,1,/spielbericht/index/spielbericht/3096459
10/30/2018 20:45,SV Rödinghausen,FC Bayern München,16000,1,2,2018,2,4,1,/spielbericht/index/spielbericht/3096438
10/30/2018 20:45,SV Wehen Wiesbaden,Hamburger SV,11170,0,3,2018,2,3,2,/spielbericht/index/spielbericht/3096439
10/31/2018 18:30,SC Weiche Flensburg 08,SV Werder Bremen,8637,1,5,2018,2,4,1,/spielbericht/index/spielbericht/3096441
10/31/2018 18:30,Borussia Dortmund,1.FC Union Berlin,72732,3,2,2018,2,1,2,/spielbericht/index/spielbericht/3096460
10/31/2018 18:30,1.FC Köln,FC Schalke 04,50000,6,7,2018,2,2,1,/spielbericht/index/spielbericht/3096455
10/31/2018 18:30,FC Hansa Rostock,1.FC Nürnberg,23900,4,6,2018,2,3,1,/spielbericht/index/spielbericht/3096443
10/31/2018 20:45,Holstein Kiel,SC Freiburg,9361,2,1,2018,2,2,1,/spielbericht/index/spielbericht/3096451
10/31/2018 20:45,RB Leipzig,TSG 1899 Hoffenheim,21042,2,0,2018,2,1,1,/spielbericht/index/spielbericht/3096454
10/31/2018 20:45,Borussia Mönchengladbach,Bayer 04 Leverkusen,48755,0,5,2018,2,1,1,/spielbericht/index/spielbericht/3096458
2/5/2019 18:30,1.FC Heidenheim 1846,Bayer 04 Leverkusen,11400,2,1,2018,3,2,1,/spielbericht/index/spielbericht/3122479
2/5/2019 18:30,Hamburger SV,1.FC Nürnberg,47628,1,0,2018,3,2,1,/spielbericht/index/spielbericht/3122478
2/5/2019 20:45,Borussia Dortmund,SV Werder Bremen,81365,5,7,2018,3,1,1,/spielbericht/index/spielbericht/3122484
2/5/2019 20:45,MSV Duisburg,SC Paderborn 07,12509,1,3,2018,3,2,2,/spielbericht/index/spielbericht/3122483
2/6/2019 18:30,Holstein Kiel,FC Augsburg,11198,0,1,2018,3,2,1,/spielbericht/index/spielbericht/3122481
2/6/2019 18:30,RB Leipzig,VfL Wolfsburg,21135,1,0,2018,3,1,1,/spielbericht/index/spielbericht/3122485
2/6/2019 20:45,Hertha BSC,FC Bayern München,74200,2,3,2018,3,1,1,/spielbericht/index/spielbericht/3122482
4/2/2019 18:30,SC Paderborn 07,Hamburger SV,15000,0,2,2018,4,2,2,/spielbericht/index/spielbericht/3158829
4/2/2019 20:45,FC Augsburg,RB Leipzig,30000,1,2,2018,4,1,1,/spielbericht/index/spielbericht/3158830
4/3/2019 18:30,FC Bayern München,1.FC Heidenheim 1846,75000,5,4,2018,4,1,2,/spielbericht/index/spielbericht/3158831
4/3/2019 20:45,FC Schalke 04,SV Werder Bremen,61597,0,2,2018,4,1,1,/spielbericht/index/spielbericht/3158832
4/23/2019 20:45,Hamburger SV,RB Leipzig,52365,1,3,2018,5,2,1,/spielbericht/index/spielbericht/3174558
4/24/2019 20:45,SV Werder Bremen,FC Bayern München,42100,2,3,2018,5,1,1,/spielbericht/index/spielbericht/3174557
5/25/2019 20:00,RB Leipzig,FC Bayern München,74322,0,3,2018,6,1,1,/spielbericht/index/spielbericht/3179584
8/9/2019 20:45,KFC Uerdingen,Borussia Dortmund,32110,0,2,2019,1,3,1,/spielbericht/index/spielbericht/3195526
8/9/2019 20:45,FC Ingolstadt,1.FC Nürnberg,14348,0,1,2019,1,3,2,/spielbericht/index/spielbericht/3195545
8/9/2019 21:30,SV Sandhausen,Borussia Mönchengladbach,13695,0,1,2019,1,2,1,/spielbericht/index/spielbericht/3195529
8/10/2019 15:30,1.FC Kaiserslautern,1.FSV Mainz 05,40694,2,0,2019,1,3,1,/spielbericht/index/spielbericht/3195514
8/10/2019 15:30,FC 08 Villingen,Fortuna Düsseldorf,8300,1,3,2019,1,4,1,/spielbericht/index/spielbericht/3195534
8/10/2019 15:30,FC Viktoria 1889 Berlin,Arminia Bielefeld,4503,0,1,2019,1,4,2,/spielbericht/index/spielbericht/3195544
8/10/2019 15:30,Alemannia Aachen,Bayer 04 Leverkusen,30861,1,4,2019,1,4,1,/spielbericht/index/spielbericht/3195532
8/10/2019 15:30,TuS Dassendorf,SG Dynamo Dresden,5673,0,3,2019,1,4,2,/spielbericht/index/spielbericht/3195533
8/10/2019 15:30,FSV Wacker Nordhausen,FC Erzgebirge Aue,4347,1,4,2019,1,4,2,/spielbericht/index/spielbericht/3195549
8/10/2019 15:30,SV Drochtersen/Assel,FC Schalke 04,8000,0,5,2019,1,4,1,/spielbericht/index/spielbericht/3195543
8/10/2019 15:30,1.FC Magdeburg,SC Freiburg,14093,0,1,2019,1,3,1,/spielbericht/index/spielbericht/3195551
8/10/2019 15:30,SC Verl,FC Augsburg,4198,2,1,2019,1,4,1,/spielbericht/index/spielbericht/3195546
8/10/2019 18:30,Würzb. Kickers,TSG 1899 Hoffenheim,13090,7,8,2019,1,3,1,/spielbericht/index/spielbericht/3195507
8/10/2019 18:30,SSV Ulm 1846,1.FC Heidenheim 1846,16523,0,2,2019,1,4,2,/spielbericht/index/spielbericht/3195552
8/10/2019 18:30,KSV Baunatal,VfL Bochum,5748,2,3,2019,1,4,2,/spielbericht/index/spielbericht/3195535
8/10/2019 20:45,SV Atlas Delmenhorst,SV Werder Bremen,41500,1,6,2019,1,4,1,/spielbericht/index/spielbericht/3195521
8/11/2019 15:30,SV Rödinghausen,SC Paderborn 07,2236,5,7,2019,1,4,2,/spielbericht/index/spielbericht/3195519
8/11/2019 15:30,FC Oberneuland,SV Darmstadt 98,2353,1,6,2019,1,4,2,/spielbericht/index/spielbericht/3195539
8/11/2019 15:30,FSV Salmrohr,Holstein Kiel,2000,0,6,2019,1,4,2,/spielbericht/index/spielbericht/3195508
8/11/2019 15:30,VfL Osnabrück,RB Leipzig,14625,2,3,2019,1,2,1,/spielbericht/index/spielbericht/3195550
8/11/2019 15:30,SV Waldhof Mannheim,Eintracht Frankfurt,24302,3,5,2019,1,3,1,/spielbericht/index/spielbericht/3195531
8/11/2019 15:30,VfB Lübeck,FC St. Pauli,11000,6,7,2019,1,4,2,/spielbericht/index/spielbericht/3195547
8/11/2019 15:30,VfB Eichstätt,Hertha BSC,7030,1,5,2019,1,4,1,/spielbericht/index/spielbericht/3195548
8/11/2019 15:30,1.FC Saarbrücken,SSV Jahn Regensburg,5021,3,2,2019,1,4,2,/spielbericht/index/spielbericht/3195542
8/11/2019 15:30,G. Halberstadt,1.FC Union Berlin,5966,0,6,2019,1,4,2,/spielbericht/index/spielbericht/3195513
8/11/2019 18:30,Chemnitzer FC,Hamburger SV,13130,7,8,2019,1,3,2,/spielbericht/index/spielbericht/3195530
8/11/2019 18:30,MSV Duisburg,Greuther Fürth,13542,2,0,2019,1,3,2,/spielbericht/index/spielbericht/3195538
8/12/2019 18:30,Hallescher FC,VfL Wolfsburg,13500,3,5,2019,1,3,1,/spielbericht/index/spielbericht/3195524
8/12/2019 18:30,Karlsruher SC,Hannover 96,11779,2,0,2019,1,2,2,/spielbericht/index/spielbericht/3195537
8/12/2019 18:30,FC Hansa Rostock,VfB Stuttgart,24000,0,1,2019,1,3,2,/spielbericht/index/spielbericht/3195541
8/12/2019 20:45,Energie Cottbus,FC Bayern München,20602,1,3,2019,1,4,1,/spielbericht/index/spielbericht/3195536
10/29/2019 18:30,1.FC Saarbrücken,1.FC Köln,6800,3,2,2019,2,4,1,/spielbericht/index/spielbericht/3245513
10/29/2019 18:30,MSV Duisburg,TSG 1899 Hoffenheim,14306,0,2,2019,2,3,1,/spielbericht/index/spielbericht/3245512
10/29/2019 18:30,SC Freiburg,1.FC Union Berlin,24000,1,3,2019,2,1,1,/spielbericht/index/spielbericht/3245516
10/29/2019 18:30,Hamburger SV,VfB Stuttgart,45503,1,2,2019,2,2,2,/spielbericht/index/spielbericht/3245524
10/29/2019 20:00,VfL Bochum,FC Bayern München,26600,1,2,2019,2,2,1,/spielbericht/index/spielbericht/3245518
10/29/2019 20:45,Bayer 04 Leverkusen,SC Paderborn 07,15410,1,0,2019,2,1,1,/spielbericht/index/spielbericht/3245515
10/29/2019 20:45,SV Darmstadt 98,Karlsruher SC,11240,0,1,2019,2,2,2,/spielbericht/index/spielbericht/3245514
10/30/2019 18:30,1.FC Kaiserslautern,1.FC Nürnberg,21714,8,7,2019,2,3,2,/spielbericht/index/spielbericht/3245510
10/30/2019 18:30,SC Verl,Holstein Kiel,5153,9,8,2019,2,4,2,/spielbericht/index/spielbericht/3245511
10/30/2019 18:30,SV Werder Bremen,1.FC Heidenheim 1846,38663,4,1,2019,2,1,2,/spielbericht/index/spielbericht/3245523
10/30/2019 18:30,VfL Wolfsburg,RB Leipzig,17705,1,6,2019,2,1,1,/spielbericht/index/spielbericht/3245522
10/30/2019 20:45,Borussia Dortmund,Borussia Mönchengladbach,79800,2,1,2019,2,1,1,/spielbericht/index/spielbericht/3245520
10/30/2019 20:45,FC St. Pauli,Eintracht Frankfurt,29500,1,2,2019,2,2,1,/spielbericht/index/spielbericht/3245525
2/4/2020 18:30,Eintracht Frankfurt,RB Leipzig,47400,3,1,2019,3,1,1,/spielbericht/index/spielbericht/3279210
2/4/2020 18:30,1.FC Kaiserslautern,Fortuna Düsseldorf,35340,2,5,2019,3,3,1,/spielbericht/index/spielbericht/3279211
2/4/2020 20:45,SV Werder Bremen,Borussia Dortmund,42100,3,2,2019,3,1,1,/spielbericht/index/spielbericht/3279213
2/5/2020 18:30,Bayer 04 Leverkusen,VfB Stuttgart,20320,2,1,2019,3,1,2,/spielbericht/index/spielbericht/3279214
2/5/2020 18:30,SC Verl,1.FC Union Berlin,5135,0,1,2019,3,4,1,/spielbericht/index/spielbericht/3279215
2/5/2020 20:45,1.FC Saarbrücken,Karlsruher SC,6800,5,3,2019,3,4,2,/spielbericht/index/spielbericht/3279217
2/5/2020 20:45,FC Bayern München,TSG 1899 Hoffenheim,71500,4,3,2019,3,1,1,/spielbericht/index/spielbericht/3279216
3/3/2020 18:30,1.FC Saarbrücken,Fortuna Düsseldorf,6800,8,7,2019,4,4,1,/spielbericht/index/spielbericht/3319622
3/3/2020 20:45,FC Schalke 04,FC Bayern München,62271,0,1,2019,4,1,1,/spielbericht/index/spielbericht/3319620
3/4/2020 18:30,Bayer 04 Leverkusen,1.FC Union Berlin,18453,3,1,2019,4,1,1,/spielbericht/index/spielbericht/3319619
3/4/2020 20:45,Eintracht Frankfurt,SV Werder Bremen,51500,2,0,2019,4,1,1,/spielbericht/index/spielbericht/3319621
6/9/2020 20:45,1.FC Saarbrücken,Bayer 04 Leverkusen,0,0,3,2019,5,4,1,/spielbericht/index/spielbericht/3332669
6/10/2020 20:45,FC Bayern München,Eintracht Frankfurt,0,2,1,2019,5,1,1,/spielbericht/index/spielbericht/3332668
7/4/2020 20:00,Bayer 04 Leverkusen,FC Bayern München,0,2,4,2019,6,1,1,/spielbericht/index/spielbericht/3383750
9/11/2020 20:45,Eintracht Braunschweig,Hertha BSC,500000,5,4,2020,1,3,1,/spielbericht/index/spielbericht/3404449
9/11/2020 20:45,TSV Havelse,1.FSV Mainz 05,1000,1,5,2020,1,4,1,/spielbericht/index/spielbericht/3423914
9/12/2020 15:30,FV Engers 07,VfL Bochum,0,0,3,2020,1,4,2,/spielbericht/index/spielbericht/3422874
9/12/2020 15:30,SV Todesfelde,VfL Osnabrück,500000,0,1,2020,1,4,2,/spielbericht/index/spielbericht/3422911
9/12/2020 15:30,Meinerzhagen,SpVgg Greuther Fürth,0,1,6,2020,1,4,2,/spielbericht/index/spielbericht/3426221
9/12/2020 15:30,VSG Altglienicke,1.FC Köln,300000,0,6,2020,1,4,1,/spielbericht/index/spielbericht/3422907
9/12/2020 15:30,MTVE Celle,FC Augsburg,0,0,7,2020,1,4,1,/spielbericht/index/spielbericht/3422928
9/12/2020 15:30,TSV 1860 München,Eintracht Frankfurt,0,1,2,2020,1,3,1,/spielbericht/index/spielbericht/3432868
9/12/2020 15:30,FC Oberneuland,Borussia Mönchengladbach,300000,0,8,2020,1,4,1,/spielbericht/index/spielbericht/3422929
9/12/2020 15:30,FSV Union Fürstenwalde,VfL Wolfsburg,0,1,4,2020,1,4,1,/spielbericht/index/spielbericht/3422871
9/12/2020 15:30,1.FC Nürnberg,RB Leipzig,0,0,3,2020,1,2,1,/spielbericht/index/spielbericht/3404447
9/12/2020 18:30,FC Ingolstadt 04,Fortuna Düsseldorf,0,0,1,2020,1,3,1,/spielbericht/index/spielbericht/3404453
9/12/2020 18:30,SSV Ulm 1846,FC Erzgebirge Aue,430000,2,0,2020,1,4,2,/spielbericht/index/spielbericht/3422878
9/12/2020 18:30,Karlsruher SC,1.FC Union Berlin,450000,0,1,2020,1,2,1,/spielbericht/index/spielbericht/3404454
9/12/2020 20:45,FC Carl Zeiss Jena,SV Werder Bremen,1600,0,2,2020,1,4,1,/spielbericht/index/spielbericht/3422877
9/13/2020 15:30,1.FC Rielasingen-Arlen,Holstein Kiel,500000,1,7,2020,1,4,2,/spielbericht/index/spielbericht/3422876
9/13/2020 15:30,E. Norderstedt,Bayer 04 Leverkusen,300000,0,7,2020,1,4,1,/spielbericht/index/spielbericht/3422872
9/13/2020 15:30,1.FC Kaiserslautern,SSV Jahn Regensburg,0,4,5,2020,1,3,2,/spielbericht/index/spielbericht/3422927
9/13/2020 15:30,SV 07 Elversberg,FC St. Pauli,500000,4,2,2020,1,4,2,/spielbericht/index/spielbericht/3422926
9/13/2020 15:30,TSV Steinbach Haiger,SV Sandhausen,670000,1,2,2020,1,4,2,/spielbericht/index/spielbericht/3422908
9/13/2020 15:30,FC Hansa Rostock,VfB Stuttgart,7500,0,1,2020,1,3,2,/spielbericht/index/spielbericht/3422909
9/13/2020 15:30,Chemnitzer FC,TSG 1899 Hoffenheim,3095,4,5,2020,1,4,1,/spielbericht/index/spielbericht/3422875
9/13/2020 15:30,SC Wiedenbrück,SC Paderborn 07,300000,0,5,2020,1,4,1,/spielbericht/index/spielbericht/3426220
9/13/2020 18:30,1.FC Magdeburg,SV Darmstadt 98,5000,2,3,2020,1,3,2,/spielbericht/index/spielbericht/3404455
9/13/2020 18:30,SV Wehen Wiesbaden,1.FC Heidenheim 1846,250000,1,0,2020,1,2,2,/spielbericht/index/spielbericht/3404448
9/13/2020 18:30,SV Waldhof Mannheim,SC Freiburg,500000,1,2,2020,1,3,1,/spielbericht/index/spielbericht/3422906
9/14/2020 18:30,Würzb. Kickers,Hannover 96,0,2,3,2020,1,3,2,/spielbericht/index/spielbericht/3404452
9/14/2020 18:30,RW Essen,Arminia Bielefeld,300000,1,0,2020,1,4,2,/spielbericht/index/spielbericht/3422873
9/14/2020 18:30,SG Dynamo Dresden,Hamburger SV,10053,4,1,2020,1,2,2,/spielbericht/index/spielbericht/3404451
9/14/2020 20:45,MSV Duisburg,Borussia Dortmund,300000,0,5,2020,1,3,1,/spielbericht/index/spielbericht/3404450
10/15/2020 20:45,1.FC Düren,FC Bayern München,0,0,3,2020,1,4,1,/spielbericht/index/spielbericht/3422910
11/3/2020 16:30,1.FC Schweinfurt 05,FC Schalke 04,0,1,4,2020,1,4,1,/spielbericht/index/spielbericht/3475968
12/22/2020 18:30,SSV Ulm 1846,FC Schalke 04,0,1,3,2020,2,4,1,/spielbericht/index/spielbericht/3485236
12/22/2020 18:30,FC Augsburg,RB Leipzig,0,0,3,2020,2,1,1,/spielbericht/index/spielbericht/3485248
12/22/2020 18:30,TSG 1899 Hoffenheim,SpVgg Greuther Fürth,0,8,9,2020,2,1,2,/spielbericht/index/spielbericht/3485249
12/22/2020 20:00,Eintracht Braunschweig,Borussia Dortmund,0,0,2,2020,2,2,1,/spielbericht/index/spielbericht/3485242
12/22/2020 20:45,SV 07 Elversberg,Borussia Mönchengladbach,0,0,5,2020,2,4,1,/spielbericht/index/spielbericht/3485237
12/22/2020 20:45,SG Dynamo Dresden,SV Darmstadt 98,0,0,3,2020,2,3,2,/spielbericht/index/spielbericht/3485238
12/22/2020 20:45,1.FC Union Berlin,SC Paderborn 07,0,2,3,2020,2,1,2,/spielbericht/index/spielbericht/3485240
12/23/2020 18:30,VfL Wolfsburg,SV Sandhausen,0,4,0,2020,2,1,2,/spielbericht/index/spielbericht/3485250
12/23/2020 18:30,RW Essen,Fortuna Düsseldorf,0,3,2,2020,2,4,2,/spielbericht/index/spielbericht/3485235
12/23/2020 20:45,SV Wehen Wiesbaden,SSV Jahn Regensburg,0,2,4,2020,2,3,2,/spielbericht/index/spielbericht/3485239
12/23/2020 20:45,1.FSV Mainz 05,VfL Bochum,0,2,5,2020,2,1,2,/spielbericht/index/spielbericht/3485246
12/23/2020 20:45,VfB Stuttgart,SC Freiburg,0,1,0,2020,2,1,1,/spielbericht/index/spielbericht/3485241
12/23/2020 20:45,Hannover 96,SV Werder Bremen,0,0,3,2020,2,2,1,/spielbericht/index/spielbericht/3485244
1/12/2021 20:45,Bayer 04 Leverkusen,Eintracht Frankfurt,0,4,1,2020,2,1,1,/spielbericht/index/spielbericht/3485243
1/13/2021 20:45,Holstein Kiel,FC Bayern München,0,8,7,2020,2,2,1,/spielbericht/index/spielbericht/3485247
2/2/2021 18:30,Holstein Kiel,SV Darmstadt 98,0,8,7,2020,3,2,2,/spielbericht/index/spielbericht/3506029
2/2/2021 18:30,RW Essen,Bayer 04 Leverkusen,0,2,1,2020,3,4,1,/spielbericht/index/spielbericht/3505314
2/2/2021 20:45,Borussia Dortmund,SC Paderborn 07,0,3,2,2020,3,1,2,/spielbericht/index/spielbericht/3502340
2/2/2021 20:45,SV Werder Bremen,SpVgg Greuther Fürth,0,2,0,2020,3,1,2,/spielbericht/index/spielbericht/3502338
2/3/2021 18:30,RB Leipzig,VfL Bochum,0,4,0,2020,3,1,2,/spielbericht/index/spielbericht/3502339
2/3/2021 18:30,VfL Wolfsburg,FC Schalke 04,0,1,0,2020,3,1,1,/spielbericht/index/spielbericht/3502335
2/3/2021 20:45,VfB Stuttgart,Borussia Mönchengladbach,0,1,2,2020,3,1,1,/spielbericht/index/spielbericht/3502337
2/3/2021 20:45,SSV Jahn Regensburg,1.FC Köln,0,6,5,2020,3,2,1,/spielbericht/index/spielbericht/3502336
3/2/2021 20:45,Borussia Mönchengladbach,Borussia Dortmund,0,0,1,2020,4,1,1,/spielbericht/index/spielbericht/3517359
3/3/2021 18:30,RW Essen,Holstein Kiel,0,0,3,2020,4,4,2,/spielbericht/index/spielbericht/3517360
3/3/2021 20:45,RB Leipzig,VfL Wolfsburg,0,2,0,2020,4,1,1,/spielbericht/index/spielbericht/3517362
4/7/2021 18:30,SSV Jahn Regensburg,SV Werder Bremen,0,0,1,2020,4,2,1,/spielbericht/index/spielbericht/3517361
4/30/2021 20:30,SV Werder Bremen,RB Leipzig,0,1,2,2020,5,1,1,/spielbericht/index/spielbericht/3548061
5/1/2021 20:30,Borussia Dortmund,Holstein Kiel,0,5,0,2020,5,1,2,/spielbericht/index/spielbericht/3532043
5/13/2021 20:45,RB Leipzig,Borussia Dortmund,0,1,4,2020,6,1,1,/spielbericht/index/spielbericht/3560009
8/6/2021 20:45,TSV 1860 München,SV Darmstadt 98,4158,6,5,2021,1,3,2,/spielbericht/index/spielbericht/3601616
8/6/2021 20:45,SG Dynamo Dresden,SC Paderborn 07,12702,2,1,2021,1,2,2,/spielbericht/index/spielbericht/3601609
8/7/2021 15:30,VfL Osnabrück,SV Werder Bremen,5341,2,0,2021,1,3,2,/spielbericht/index/spielbericht/3601605
8/7/2021 15:30,SV Sandhausen,RB Leipzig,4067,0,4,2021,1,2,1,/spielbericht/index/spielbericht/3601595
8/7/2021 15:30,SpVgg Bayreuth,Arminia Bielefeld,5000,3,6,2021,1,4,1,/spielbericht/index/spielbericht/3601597
8/7/2021 15:30,Wuppertaler SV,VfL Bochum,4490,1,2,2021,1,4,2,/spielbericht/index/spielbericht/3601611
8/7/2021 15:30,SC Weiche Flensburg 08,Holstein Kiel,1700,2,4,2021,1,4,2,/spielbericht/index/spielbericht/3601589
8/7/2021 15:30,1. FC Lokomotive Leipzig,Bayer 04 Leverkusen,6185,0,3,2021,1,4,1,/spielbericht/index/spielbericht/3601593
8/7/2021 15:30,Greifswalder FC,FC Augsburg,4337,2,4,2021,1,4,1,/spielbericht/index/spielbericht/3601603
8/7/2021 15:30,Eintracht Norderstedt,Hannover 96,745000,0,4,2021,1,4,2,/spielbericht/index/spielbericht/3601606
8/7/2021 15:30,BFC Dynamo,VfB Stuttgart,2631,0,6,2021,1,4,1,/spielbericht/index/spielbericht/3601613
8/7/2021 18:30,SV Babelsberg 03,Greuther Fürth,3030,7,6,2021,1,4,2,/spielbericht/index/spielbericht/3601591
8/7/2021 18:30,1.FC Magdeburg,FC St. Pauli,14405,2,3,2021,1,3,2,/spielbericht/index/spielbericht/3601614
8/7/2021 18:30,SSV Ulm 1846,1.FC Nürnberg,6743,0,1,2021,1,4,2,/spielbericht/index/spielbericht/3601587
8/7/2021 20:45,SV Wehen Wiesbaden,Borussia Dortmund,4882,0,3,2021,1,3,1,/spielbericht/index/spielbericht/3601602
8/8/2021 15:30,FC Rot-Weiß Koblenz,SSV Jahn Regensburg,1350,0,3,2021,1,4,2,/spielbericht/index/spielbericht/3601607
8/8/2021 15:30,Türkgücü Münch.,1.FC Union Berlin,2500,0,1,2021,1,3,1,/spielbericht/index/spielbericht/3601608
8/8/2021 15:30,FC 08 Villingen,FC Schalke 04,4992,1,4,2021,1,4,2,/spielbericht/index/spielbericht/3601599
8/8/2021 15:30,Preußen Münster,VfL Wolfsburg,6703,2,0,2021,1,4,1,/spielbericht/index/spielbericht/3601615
8/8/2021 15:30,SV Waldhof Mannheim,Eintracht Frankfurt,12151,2,0,2021,1,3,1,/spielbericht/index/spielbericht/3601601
8/8/2021 15:30,SV Meppen,Hertha BSC,5813,0,1,2021,1,3,1,/spielbericht/index/spielbericht/3601586
8/8/2021 15:30,FC Carl Zeiss Jena,1.FC Köln,2728,3,5,2021,1,4,1,/spielbericht/index/spielbericht/3601598
8/8/2021 15:30,SV 07 Elversberg,1.FSV Mainz 05,2480,9,10,2021,1,4,1,/spielbericht/index/spielbericht/3601594
8/8/2021 15:30,VfL Oldenburg,Fortuna Düsseldorf,4200,0,5,2021,1,4,2,/spielbericht/index/spielbericht/3601610
8/8/2021 18:30,Eintracht Braunschweig,Hamburger SV,6167,1,2,2021,1,3,2,/spielbericht/index/spielbericht/3601612
8/8/2021 18:30,Würzb. Kickers,SC Freiburg,2820,0,1,2021,1,3,1,/spielbericht/index/spielbericht/3601600
8/9/2021 18:30,Sportfreunde Lotte,Karlsruher SC,2001,1,4,2021,1,4,2,/spielbericht/index/spielbericht/3601596
8/9/2021 18:30,FC Viktoria Köln,TSG 1899 Hoffenheim,3402,2,3,2021,1,3,1,/spielbericht/index/spielbericht/3601590
8/9/2021 20:45,1.FC Kaiserslautern,Borussia Mönchengladbach,5000,0,1,2021,1,3,1,/spielbericht/index/spielbericht/3601592
8/25/2021 20:15,Bremer SV,FC Bayern München,10093,0,12,2021,1,4,1,/spielbericht/index/spielbericht/3601588
10/26/2021 18:30,TSG 1899 Hoffenheim,Holstein Kiel,5033,5,1,2021,2,1,2,/spielbericht/index/spielbericht/3651888
10/26/2021 18:30,Preußen Münster,Hertha BSC,11037,1,3,2021,2,4,1,/spielbericht/index/spielbericht/3653067
10/26/2021 18:30,TSV 1860 München,FC Schalke 04,15000,1,0,2021,2,3,2,/spielbericht/index/spielbericht/3651883
10/26/2021 18:30,SV Babelsberg 03,RB Leipzig,6218,0,1,2021,2,4,1,/spielbericht/index/spielbericht/3651882
10/26/2021 20:00,Borussia Dortmund,FC Ingolstadt,25130,2,0,2021,2,1,2,/spielbericht/index/spielbericht/3651893
10/26/2021 20:45,1.FC Nürnberg,Hamburger SV,19267,3,5,2021,2,2,2,/spielbericht/index/spielbericht/3651890
10/26/2021 20:45,1.FSV Mainz 05,Arminia Bielefeld,9000,3,2,2021,2,1,1,/spielbericht/index/spielbericht/3651891
10/26/2021 20:45,VfL Osnabrück,SC Freiburg,12000,4,5,2021,2,3,1,/spielbericht/index/spielbericht/3651881
10/27/2021 18:30,SV Waldhof Mannheim,1.FC Union Berlin,14651,1,3,2021,2,3,1,/spielbericht/index/spielbericht/3651880
10/27/2021 18:30,Bayer 04 Leverkusen,Karlsruher SC,13060,1,2,2021,2,1,2,/spielbericht/index/spielbericht/3651894
10/27/2021 18:30,VfL Bochum,FC Augsburg,15220,7,6,2021,2,1,1,/spielbericht/index/spielbericht/3651885
10/27/2021 20:45,SSV Jahn Regensburg,FC Hansa Rostock,7360,5,7,2021,2,2,2,/spielbericht/index/spielbericht/3651889
10/27/2021 20:45,Hannover 96,Fortuna Düsseldorf,11300,3,0,2021,2,2,2,/spielbericht/index/spielbericht/3651884
10/27/2021 20:45,VfB Stuttgart,1.FC Köln,26375,0,2,2021,2,1,1,/spielbericht/index/spielbericht/3651892
10/27/2021 20:45,Borussia Mönchengladbach,FC Bayern München,48500,5,0,2021,2,1,1,/spielbericht/index/spielbericht/3651886
1/18/2022 18:30,TSV 1860 München,Karlsruher SC,0,0,1,2021,3,3,2,/spielbericht/index/spielbericht/3690465
1/18/2022 18:30,1.FC Köln,Hamburger SV,750000,4,5,2021,3,1,2,/spielbericht/index/spielbericht/3690468
1/18/2022 20:45,FC St. Pauli,Borussia Dortmund,2000,2,1,2021,3,2,1,/spielbericht/index/spielbericht/3690464
1/18/2022 20:45,VfL Bochum,1.FSV Mainz 05,750000,3,1,2021,3,1,1,/spielbericht/index/spielbericht/3690470
1/19/2022 18:30,RB Leipzig,FC Hansa Rostock,1000,2,0,2021,3,1,2,/spielbericht/index/spielbericht/3690469
1/19/2022 18:30,Hannover 96,Borussia Mönchengladbach,500000,3,0,2021,3,2,1,/spielbericht/index/spielbericht/3690466
1/19/2022 20:45,TSG 1899 Hoffenheim,SC Freiburg,500000,1,4,2021,3,1,1,/spielbericht/index/spielbericht/3690463
1/19/2022 20:45,Hertha BSC,1.FC Union Berlin,3000,2,3,2021,3,1,1,/spielbericht/index/spielbericht/3690467
3/1/2022 20:45,1.FC Union Berlin,FC St. Pauli,10000,2,1,2021,4,1,2,/spielbericht/index/spielbericht/3741196
3/2/2022 18:30,Hannover 96,RB Leipzig,25000,0,4,2021,4,2,1,/spielbericht/index/spielbericht/3741198
3/2/2022 18:30,Hamburger SV,Karlsruher SC,25000,5,4,2021,4,2,2,/spielbericht/index/spielbericht/3741197
3/2/2022 20:45,VfL Bochum,SC Freiburg,10000,1,2,2021,4,1,1,/spielbericht/index/spielbericht/3741199
4/19/2022 20:45,Hamburger SV,SC Freiburg,57000,1,3,2021,5,2,1,/spielbericht/index/spielbericht/3763601
4/20/2022 20:45,RB Leipzig,1.FC Union Berlin,47069,2,1,2021,5,1,1,/spielbericht/index/spielbericht/3763602
5/21/2022 20:00,SC Freiburg,RB Leipzig,74322,3,5,2021,6,1,1,/spielbericht/index/spielbericht/3800215
7/29/2022 18:01,1.FC Kaan-Marienborn,1.FC Nürnberg,8000,0,2,2022,1,4,2,/spielbericht/index/spielbericht/3825589
7/29/2022 18:01,SG Dynamo Dresden,VfB Stuttgart,22644,0,1,2022,1,3,1,/spielbericht/index/spielbericht/3825593
7/29/2022 18:01,TSG Neustrelitz,Karlsruher SC,5000,0,8,2022,1,4,2,/spielbericht/index/spielbericht/3825591
7/29/2022 20:46,TSV 1860 München,Borussia Dortmund,15000,0,3,2022,1,3,1,/spielbericht/index/spielbericht/3825603
7/30/2022 13:01,FC Viktoria 1889 Berlin,VfL Bochum,5573,0,3,2022,1,3,1,/spielbericht/index/spielbericht/3825594
7/30/2022 13:01,SV Straelen,FC St. Pauli,5874,3,4,2022,1,4,2,/spielbericht/index/spielbericht/3825609
7/30/2022 15:31,SSV Jahn Regensburg,1.FC Köln,13236,6,5,2022,1,2,1,/spielbericht/index/spielbericht/3825586
7/30/2022 15:31,SV 07 Elversberg,Bayer 04 Leverkusen,7500,4,3,2022,1,4,1,/spielbericht/index/spielbericht/3825596
7/30/2022 15:31,Einheit Wernigerode,SC Paderborn 07,3264,0,10,2022,1,4,2,/spielbericht/index/spielbericht/3825598
7/30/2022 15:31,SpVgg Bayreuth,Hamburger SV,14700,1,3,2022,1,3,2,/spielbericht/index/spielbericht/3825610
7/30/2022 15:31,VfB Lübeck,FC Hansa Rostock,10351,1,0,2022,1,4,2,/spielbericht/index/spielbericht/3825588
7/30/2022 15:31,FV Illertissen,1.FC Heidenheim 1846,3500,0,2,2022,1,4,2,/spielbericht/index/spielbericht/3825600
7/30/2022 18:01,Stuttg. Kickers,SpVgg Greuther Fürth,7280,2,0,2022,1,4,2,/spielbericht/index/spielbericht/3825615
7/30/2022 18:01,FC Carl Zeiss Jena,VfL Wolfsburg,6100,0,1,2022,1,4,1,/spielbericht/index/spielbericht/3825614
7/30/2022 18:01,Kickers Offenbach,Fortuna Düsseldorf,16620,1,4,2022,1,4,2,/spielbericht/index/spielbericht/3825601
7/31/2022 13:01,Bremer SV,FC Schalke 04,10000,0,5,2022,1,4,2,/spielbericht/index/spielbericht/3825613
7/31/2022 13:01,BSV Schwarz-Weiß Rehden,SV Sandhausen,1500,0,4,2022,1,4,2,/spielbericht/index/spielbericht/3825597
7/31/2022 15:31,SV Oberachern,Borussia Mönchengladbach,13558,1,9,2022,1,4,1,/spielbericht/index/spielbericht/3825605
7/31/2022 15:31,FV Engers 07,Arminia Bielefeld,3558,1,7,2022,1,4,2,/spielbericht/index/spielbericht/3825587
7/31/2022 15:31,1.FC Kaiserslautern,SC Freiburg,38317,1,2,2022,1,2,1,/spielbericht/index/spielbericht/3825604
7/31/2022 15:31,Schott Mainz,Hannover 96,4500,0,3,2022,1,4,2,/spielbericht/index/spielbericht/3825590
7/31/2022 15:31,SV Rödinghausen,TSG 1899 Hoffenheim,1606,0,2,2022,1,4,1,/spielbericht/index/spielbericht/3825599
7/31/2022 15:31,Blau-Weiß Lohne,FC Augsburg,4150,0,4,2022,1,4,1,/spielbericht/index/spielbericht/3825608
7/31/2022 18:01,FC Erzgebirge Aue,1.FSV Mainz 05,8446,0,3,2022,1,2,1,/spielbericht/index/spielbericht/3825611
7/31/2022 18:01,Eintracht Braunschweig,Hertha BSC,14126,10,9,2022,1,2,1,/spielbericht/index/spielbericht/3825602
7/31/2022 18:01,SV Waldhof Mannheim,Holstein Kiel,13137,5,3,2022,1,3,2,/spielbericht/index/spielbericht/3825607
8/1/2022 18:01,FC Energie Cottbus,SV Werder Bremen,20078,1,2,2022,1,4,2,/spielbericht/index/spielbericht/3825612
8/1/2022 18:01,FC Ingolstadt 04,SV Darmstadt 98,5208,0,3,2022,1,3,2,/spielbericht/index/spielbericht/3825606
8/1/2022 18:01,Chemnitzer FC,1.FC Union Berlin,13465,1,2,2022,1,4,1,/spielbericht/index/spielbericht/3825595
8/1/2022 20:46,1.FC Magdeburg,Eintracht Frankfurt,26350,0,4,2022,1,2,1,/spielbericht/index/spielbericht/3825617
8/30/2022 20:46,FC Teutonia 05 Ottensen,RB Leipzig,13084,0,8,2022,1,4,1,/spielbericht/index/spielbericht/3825592
8/31/2022 20:46,FC Viktoria Köln,FC Bayern München,50000,0,5,2022,1,3,1,/spielbericht/index/spielbericht/3825616
10/18/2022 18:00,Stuttg. Kickers,Eintracht Frankfurt,10000,0,2,2022,2,4,1,/spielbericht/index/spielbericht/3918234
10/18/2022 18:00,SV Waldhof Mannheim,1.FC Nürnberg,15000,0,1,2022,2,3,2,/spielbericht/index/spielbericht/3918232
10/18/2022 18:00,RB Leipzig,Hamburger SV,44787,4,0,2022,2,1,2,/spielbericht/index/spielbericht/3918228
10/18/2022 18:00,VfB Lübeck,1.FSV Mainz 05,9974,0,3,2022,2,4,1,/spielbericht/index/spielbericht/3918235
10/18/2022 20:45,TSG 1899 Hoffenheim,FC Schalke 04,15633,5,1,2022,2,1,1,/spielbericht/index/spielbericht/3918225
10/18/2022 20:45,SV 07 Elversberg,VfL Bochum,6911,0,1,2022,2,3,1,/spielbericht/index/spielbericht/3918233
10/18/2022 20:45,Eintracht Braunschweig,VfL Wolfsburg,22000,1,2,2022,2,2,1,/spielbericht/index/spielbericht/3918231
10/18/2022 20:45,SV Darmstadt 98,Borussia Mönchengladbach,15850,2,1,2022,2,2,1,/spielbericht/index/spielbericht/3918220
10/19/2022 18:00,SC Freiburg,FC St. Pauli,33500,2,1,2022,2,1,2,/spielbericht/index/spielbericht/3918229
10/19/2022 18:00,SV Sandhausen,Karlsruher SC,8644,10,9,2022,2,2,2,/spielbericht/index/spielbericht/3918226
10/19/2022 18:00,SC Paderborn 07,SV Werder Bremen,15000,7,6,2022,2,2,1,/spielbericht/index/spielbericht/3918223
10/19/2022 18:00,Hannover 96,Borussia Dortmund,49000,0,2,2022,2,2,1,/spielbericht/index/spielbericht/3918230
10/19/2022 20:45,FC Augsburg,FC Bayern München,30660,2,5,2022,2,1,1,/spielbericht/index/spielbericht/3918227
10/19/2022 20:45,1.FC Union Berlin,1.FC Heidenheim 1846,21029,2,0,2022,2,1,2,/spielbericht/index/spielbericht/3918222
10/19/2022 20:45,SSV Jahn Regensburg,Fortuna Düsseldorf,7892,0,3,2022,2,2,2,/spielbericht/index/spielbericht/3918221
10/19/2022 20:45,VfB Stuttgart,Arminia Bielefeld,24500,6,0,2022,2,1,2,/spielbericht/index/spielbericht/3918224
1/31/2023 18:00,SC Paderborn 07,VfB Stuttgart,14000,1,2,2022,3,2,1,/spielbericht/index/spielbericht/3949449
1/31/2023 20:45,1.FC Union Berlin,VfL Wolfsburg,22012,2,1,2022,3,1,1,/spielbericht/index/spielbericht/3949450
2/1/2023 18:00,RB Leipzig,TSG 1899 Hoffenheim,34822,3,1,2022,3,1,1,/spielbericht/index/spielbericht/3949454
2/1/2023 20:45,1.FSV Mainz 05,FC Bayern München,33305,0,4,2022,3,1,1,/spielbericht/index/spielbericht/3949453
2/7/2023 18:00,SV Sandhausen,SC Freiburg,11782,0,2,2022,3,2,1,/spielbericht/index/spielbericht/3949448
2/7/2023 20:45,Eintracht Frankfurt,SV Darmstadt 98,49500,4,2,2022,3,1,2,/spielbericht/index/spielbericht/3949451
2/8/2023 18:00,1.FC Nürnberg,Fortuna Düsseldorf,25216,6,4,2022,3,2,2,/spielbericht/index/spielbericht/3949455
2/8/2023 20:45,VfL Bochum,Borussia Dortmund,26000,1,2,2022,3,1,1,/spielbericht/index/spielbericht/3949452
4/4/2023 18:00,Eintracht Frankfurt,1.FC Union Berlin,49500,2,0,2022,4,1,1,/spielbericht/index/spielbericht/4027695
4/4/2023 20:45,FC Bayern München,SC Freiburg,75000,1,2,2022,4,1,1,/spielbericht/index/spielbericht/4027696
4/5/2023 18:30,1.FC Nürnberg,VfB Stuttgart,50000,0,1,2022,4,2,1,/spielbericht/index/spielbericht/4027698
4/5/2023 20:45,RB Leipzig,Borussia Dortmund,47069,2,0,2022,4,1,1,/spielbericht/index/spielbericht/4027697
5/2/2023 20:45,SC Freiburg,RB Leipzig,33300,1,5,2022,5,1,1,/spielbericht/index/spielbericht/4055297
5/3/2023 20:45,VfB Stuttgart,Eintracht Frankfurt,47500,2,3,2022,5,1,1,/spielbericht/index/spielbericht/4055298
6/3/2023 20:00,RB Leipzig,Eintracht Frankfurt,74667,2,0,2022,6,1,1,/spielbericht/index/spielbericht/4070233
8/11/2023 18:00,TuS Bersenbrück,Borussia Mönchengladbach,15741,0,7,2023,1,4,1,/spielbericht/index/spielbericht/4088615
8/11/2023 18:00,SV Sandhausen,Hannover 96,4605,7,5,2023,1,3,2,/spielbericht/index/spielbericht/4088588
8/11/2023 18:00,1.FC Saarbrücken,Karlsruher SC,14000,2,1,2023,1,3,2,/spielbericht/index/spielbericht/4088612
8/11/2023 20:45,Eintracht Braunschweig,FC Schalke 04,21800,1,3,2023,1,2,2,/spielbericht/index/spielbericht/4088617
8/12/2023 13:00,TSG Balingen,VfB Stuttgart,13400,0,4,2023,1,4,4,/spielbericht/index/spielbericht/4088601
8/12/2023 13:00,FC Carl Zeiss Jena,Hertha BSC,13000,0,5,2023,1,4,2,/spielbericht/index/spielbericht/4088611
8/12/2023 15:30,SV Atlas Delmenhorst,FC St. Pauli,4999,0,5,2023,1,4,2,/spielbericht/index/spielbericht/4088590
8/12/2023 15:30,FC Oberneuland,1.FC Nürnberg,2187,1,9,2023,1,4,2,/spielbericht/index/spielbericht/4088599
8/12/2023 15:30,FC Viktoria Köln,SV Werder Bremen,8343,3,2,2023,1,3,1,/spielbericht/index/spielbericht/4088607
8/12/2023 15:30,FC Gütersloh,Holstein Kiel,5259,0,2,2023,1,4,2,/spielbericht/index/spielbericht/4088613
8/12/2023 15:30,Teutonia 05,Bayer 04 Leverkusen,11035,0,8,2023,1,4,1,/spielbericht/index/spielbericht/4088610
8/12/2023 15:30,Schott Mainz,Borussia Dortmund,32134,1,6,2023,1,4,1,/spielbericht/index/spielbericht/4088602
8/12/2023 18:00,Arminia Bielefeld,VfL Bochum,21452,6,3,2023,1,3,1,/spielbericht/index/spielbericht/4088616
8/12/2023 18:00,Hallescher FC,Greuther Fürth,11251,0,1,2023,1,3,2,/spielbericht/index/spielbericht/4088587
8/12/2023 18:00,SV 07 Elversberg,1.FSV Mainz 05,8561,0,1,2023,1,2,1,/spielbericht/index/spielbericht/4088604
8/13/2023 13:00,Rostocker FC,1.FC Heidenheim 1846,3500,0,8,2023,1,4,2,/spielbericht/index/spielbericht/4088595
8/13/2023 13:00,RW Essen,Hamburger SV,18800,3,4,2023,1,3,2,/spielbericht/index/spielbericht/4088603
8/13/2023 15:30,TuS Makkabi Berlin,VfL Wolfsburg,5000,0,6,2023,1,4,1,/spielbericht/index/spielbericht/4088592
8/13/2023 15:30,FV Illertissen,Fortuna Düsseldorf,3719,1,3,2023,1,4,2,/spielbericht/index/spielbericht/4088591
8/13/2023 15:30,1. FC Lokomotive Leipzig,Eintracht Frankfurt,11100,0,7,2023,1,4,1,/spielbericht/index/spielbericht/4088605
8/13/2023 15:30,RW Koblenz,1.FC Kaiserslautern,10176,0,5,2023,1,4,2,/spielbericht/index/spielbericht/4088593
8/13/2023 15:30,SpVgg Unterhaching,FC Augsburg,12500,2,0,2023,1,3,1,/spielbericht/index/spielbericht/4088594
8/13/2023 15:30,SV Oberachern,SC Freiburg,24500,0,2,2023,1,4,1,/spielbericht/index/spielbericht/4088614
8/13/2023 18:00,FC Energie Cottbus,SC Paderborn 07,12469,0,7,2023,1,4,2,/spielbericht/index/spielbericht/4088598
8/13/2023 18:00,FCA Walldorf,1.FC Union Berlin,4000,0,4,2023,1,4,1,/spielbericht/index/spielbericht/4088606
8/13/2023 18:00,FSV Frankfurt,FC Hansa Rostock,7374,1,4,2023,1,4,2,/spielbericht/index/spielbericht/4088608
8/14/2023 18:00,VfB Lübeck,TSG 1899 Hoffenheim,8100,1,4,2023,1,3,1,/spielbericht/index/spielbericht/4088600
8/14/2023 18:00,SSV Jahn Regensburg,1.FC Magdeburg,9464,1,2,2023,1,3,2,/spielbericht/index/spielbericht/4088597
8/14/2023 18:00,FC 08 Homburg,SV Darmstadt 98,6150,3,0,2023,1,4,2,/spielbericht/index/spielbericht/4088586
9/26/2023 20:45,Preußen Münster,FC Bayern München,12794,0,4,2023,1,3,1,/spielbericht/index/spielbericht/4088596
9/27/2023 20:45,SV Wehen Wiesbaden,RB Leipzig,12100,2,3,2023,1,2,1,/spielbericht/index/spielbericht/4088609
10/31/2023 18:00,FC 08 Homburg,Greuther Fürth,5230,2,1,2023,2,4,2,/spielbericht/index/spielbericht/4194141
10/31/2023 18:00,VfB Stuttgart,1.FC Union Berlin,52000,1,0,2023,2,1,1,/spielbericht/index/spielbericht/4194150
10/31/2023 18:00,VfL Wolfsburg,RB Leipzig,16030,1,0,2023,2,1,1,/spielbericht/index/spielbericht/4194153
10/31/2023 18:00,FC St. Pauli,FC Schalke 04,29546,2,1,2023,2,2,2,/spielbericht/index/spielbericht/4194145
10/31/2023 20:45,1.FC Kaiserslautern,1.FC Köln,49327,3,2,2023,2,2,1,/spielbericht/index/spielbericht/4194154
10/31/2023 20:45,Borussia Mönchengladbach,1.FC Heidenheim 1846,41660,3,1,2023,2,1,1,/spielbericht/index/spielbericht/4194147
10/31/2023 20:45,SpVgg Unterhaching,Fortuna Düsseldorf,10000,3,6,2023,2,3,2,/spielbericht/index/spielbericht/4194142
10/31/2023 20:45,Arminia Bielefeld,Hamburger SV,26561,4,5,2023,2,3,2,/spielbericht/index/spielbericht/4194140
11/1/2023 18:00,SC Freiburg,SC Paderborn 07,31500,1,3,2023,2,1,2,/spielbericht/index/spielbericht/4194149
11/1/2023 18:00,Borussia Dortmund,TSG 1899 Hoffenheim,81365,1,0,2023,2,1,1,/spielbericht/index/spielbericht/4194152
11/1/2023 18:00,Holstein Kiel,1.FC Magdeburg,11112,6,7,2023,2,2,2,/spielbericht/index/spielbericht/4194148
11/1/2023 18:00,SV Sandhausen,Bayer 04 Leverkusen,10222,2,5,2023,2,3,1,/spielbericht/index/spielbericht/4194143
11/1/2023 20:45,Hertha BSC,1.FSV Mainz 05,29621,3,0,2023,2,2,1,/spielbericht/index/spielbericht/4194151
11/1/2023 20:45,1.FC Nürnberg,FC Hansa Rostock,28489,3,2,2023,2,2,2,/spielbericht/index/spielbericht/4194146
11/1/2023 20:45,1.FC Saarbrücken,FC Bayern München,16003,2,1,2023,2,3,1,/spielbericht/index/spielbericht/4194144
11/1/2023 20:45,FC Viktoria Köln,Eintracht Frankfurt,8343,0,2,2023,2,3,1,/spielbericht/index/spielbericht/4194139
12/5/2023 18:00,1.FC Kaiserslautern,1.FC Nürnberg,48349,2,0,2023,3,2,2,/spielbericht/index/spielbericht/4222803
12/5/2023 18:00,1.FC Magdeburg,Fortuna Düsseldorf,20090,1,2,2023,3,2,2,/spielbericht/index/spielbericht/4222804
12/5/2023 20:45,Borussia Mönchengladbach,VfL Wolfsburg,39827,1,0,2023,3,1,1,/spielbericht/index/spielbericht/4222799
12/5/2023 20:45,FC 08 Homburg,FC St. Pauli,12232,1,4,2023,3,4,2,/spielbericht/index/spielbericht/4222801
12/6/2023 18:00,1.FC Saarbrücken,Eintracht Frankfurt,15903,2,0,2023,3,3,1,/spielbericht/index/spielbericht/4222798
12/6/2023 18:00,Bayer 04 Leverkusen,SC Paderborn 07,29249,3,1,2023,3,1,2,/spielbericht/index/spielbericht/4222802
12/6/2023 20:45,Hertha BSC,Hamburger SV,58496,8,6,2023,3,2,2,/spielbericht/index/spielbericht/4222800
12/6/2023 20:45,VfB Stuttgart,Borussia Dortmund,54200,2,0,2023,3,1,1,/spielbericht/index/spielbericht/4222797
1/30/2024 20:45,FC St. Pauli,Fortuna Düsseldorf,29546,5,6,2023,4,2,2,/spielbericht/index/spielbericht/4240128
1/31/2024 20:45,Hertha BSC,1.FC Kaiserslautern,74245,1,3,2023,4,2,2,/spielbericht/index/spielbericht/4240126
2/6/2024 20:45,Bayer 04 Leverkusen,VfB Stuttgart,30210,3,2,2023,4,1,1,/spielbericht/index/spielbericht/4240127
3/12/2024 20:30,1.FC Saarbrücken,Borussia Mönchengladbach,15903,2,1,2023,4,3,1,/spielbericht/index/spielbericht/4240125
4/2/2024 20:45,1.FC Saarbrücken,1.FC Kaiserslautern,15903,0,2,2023,5,3,2,/spielbericht/index/spielbericht/4311215
4/3/2024 20:45,Bayer 04 Leverkusen,Fortuna Düsseldorf,30210,4,0,2023,5,1,2,/spielbericht/index/spielbericht/4285967
5/25/2024 20:00,1.FC Kaiserslautern,Bayer 04 Leverkusen,74322,0,1,2023,6,2,1,/spielbericht/index/spielbericht/4323506
8/16/2024 18:00,SV Wehen Wiesbaden,1.FSV Mainz 05,12500,1,3,2024,1,3,1,/spielbericht/index/spielbericht/4353907
8/16/2024 18:00,Hallescher FC,FC St. Pauli,14000,2,3,2024,1,4,2,/spielbericht/index/spielbericht/4353915
8/16/2024 18:00,Würzb. Kickers,TSG 1899 Hoffenheim,9511,5,7,2024,1,4,1,/spielbericht/index/spielbericht/4353899
8/16/2024 20:45,SSV Ulm 1846,FC Bayern München,17400,0,4,2024,1,2,1,/spielbericht/index/spielbericht/4353910
8/17/2024 13:00,Schott Mainz,SpVgg Greuther Fürth,4235,0,2,2024,1,4,2,/spielbericht/index/spielbericht/4353918
8/17/2024 13:00,FC Erzgebirge Aue,Borussia Mönchengladbach,14811,1,3,2024,1,3,1,/spielbericht/index/spielbericht/4353895
8/17/2024 15:30,VfR Aalen,FC Schalke 04,10850,0,2,2024,1,4,2,/spielbericht/index/spielbericht/4353913
8/17/2024 15:30,FC Ingolstadt,1.FC Kaiserslautern,11655,1,2,2024,1,3,2,/spielbericht/index/spielbericht/4353908
8/17/2024 15:30,FC 08 Villingen,1.FC Heidenheim 1846,6800,0,4,2024,1,4,1,/spielbericht/index/spielbericht/4353902
8/17/2024 15:30,VfL Osnabrück,SC Freiburg,15741,0,4,2024,1,3,1,/spielbericht/index/spielbericht/4353916
8/17/2024 15:30,Greifswalder FC,1.FC Union Berlin,4990,0,1,2024,1,4,1,/spielbericht/index/spielbericht/4353917
8/17/2024 15:30,RW Essen,RB Leipzig,17000,1,4,2024,1,3,1,/spielbericht/index/spielbericht/4353906
8/17/2024 18:00,1.FC Phönix Lübeck,Borussia Dortmund,50971,1,4,2024,1,4,1,/spielbericht/index/spielbericht/4353900
8/17/2024 18:00,Arminia Bielefeld,Hannover 96,26044,2,0,2024,1,3,2,/spielbericht/index/spielbericht/4353891
8/17/2024 18:00,Alemannia Aachen,Holstein Kiel,29555,2,3,2024,1,3,2,/spielbericht/index/spielbericht/4353921
8/18/2024 13:00,Viktoria Berlin,FC Augsburg,5504,1,4,2024,1,4,1,/spielbericht/index/spielbericht/4353920
8/18/2024 13:00,1.FC Saarbrücken,1.FC Nürnberg,14868,4,6,2024,1,3,2,/spielbericht/index/spielbericht/4353903
8/18/2024 15:30,VfV Hildesheim,SV 07 Elversberg,5186,0,7,2024,1,4,2,/spielbericht/index/spielbericht/4353901
8/18/2024 15:30,Bremer SV,SC Paderborn 07,3500,0,4,2024,1,4,2,/spielbericht/index/spielbericht/4353897
8/18/2024 15:30,FC Hansa Rostock,Hertha BSC,25600,1,5,2024,1,3,2,/spielbericht/index/spielbericht/4353914
8/18/2024 15:30,SV Sandhausen,1.FC Köln,9705,2,3,2024,1,3,2,/spielbericht/index/spielbericht/4353909
8/18/2024 15:30,FC Teutonia 05 Ottensen,SV Darmstadt 98,6487,1,3,2024,1,4,2,/spielbericht/index/spielbericht/4353919
8/18/2024 15:30,SSV Jahn Regensburg,VfL Bochum,12581,1,0,2024,1,2,1,/spielbericht/index/spielbericht/4353892
8/18/2024 18:00,SV Meppen,Hamburger SV,12959,1,7,2024,1,4,2,/spielbericht/index/spielbericht/4353898
8/18/2024 18:00,Sportfreunde Lotte,Karlsruher SC,4637,0,5,2024,1,4,2,/spielbericht/index/spielbericht/4353896
8/18/2024 18:00,SG Dynamo Dresden,Fortuna Düsseldorf,29660,2,0,2024,1,3,2,/spielbericht/index/spielbericht/4353890
8/19/2024 18:00,FC Energie Cottbus,SV Werder Bremen,20524,1,3,2024,1,3,1,/spielbericht/index/spielbericht/4353904
8/19/2024 18:00,Kickers Offenbach,1.FC Magdeburg,16847,2,1,2024,1,4,2,/spielbericht/index/spielbericht/4353911
8/19/2024 18:00,TuS Koblenz,VfL Wolfsburg,9447,0,1,2024,1,4,1,/spielbericht/index/spielbericht/4353905
8/19/2024 20:45,Eintracht Braunschweig,Eintracht Frankfurt,21101,1,4,2024,1,2,1,/spielbericht/index/spielbericht/4353894
8/27/2024 20:45,Preußen Münster,VfB Stuttgart,12672,0,5,2024,1,2,1,/spielbericht/index/spielbericht/4353893
8/28/2024 18:00,Carl Zeiss Jena,Bayer 04 Leverkusen,15000,0,1,2024,1,4,1,/spielbericht/index/spielbericht/4353912
10/29/2024 18:00,FC Augsburg,FC Schalke 04,27411,3,0,2024,2,1,2,/spielbericht/index/spielbericht/4446795
10/29/2024 18:00,Bayer 04 Leverkusen,SV 07 Elversberg,29787,3,0,2024,2,1,2,/spielbericht/index/spielbericht/4446799
10/29/2024 18:00,Kickers Offenbach,Karlsruher SC,20071,0,2,2024,2,4,2,/spielbericht/index/spielbericht/4446789
10/29/2024 18:00,RB Leipzig,FC St. Pauli,40478,4,2,2024,2,1,1,/spielbericht/index/spielbericht/4446801
10/29/2024 20:45,SSV Jahn Regensburg,SpVgg Greuther Fürth,11627,1,0,2024,2,2,2,/spielbericht/index/spielbericht/4446798
10/29/2024 20:45,VfB Stuttgart,1.FC Kaiserslautern,60000,2,1,2024,2,1,2,/spielbericht/index/spielbericht/4446793
10/29/2024 20:45,1.FC Köln,Holstein Kiel,48000,3,0,2024,2,2,1,/spielbericht/index/spielbericht/4446802
10/29/2024 20:45,VfL Wolfsburg,Borussia Dortmund,24806,1,0,2024,2,1,1,/spielbericht/index/spielbericht/4446800
10/30/2024 18:00,SC Freiburg,Hamburger SV,34700,2,1,2024,2,1,2,/spielbericht/index/spielbericht/4446790
10/30/2024 18:00,SC Paderborn 07,SV Werder Bremen,15000,0,1,2024,2,2,1,/spielbericht/index/spielbericht/4446797
10/30/2024 18:00,Hertha BSC,1.FC Heidenheim 1846,44135,2,1,2024,2,2,1,/spielbericht/index/spielbericht/4446791
10/30/2024 18:00,Eintracht Frankfurt,Borussia Mönchengladbach,58000,2,1,2024,2,1,1,/spielbericht/index/spielbericht/4446794
10/30/2024 20:45,TSG 1899 Hoffenheim,1.FC Nürnberg,18001,2,1,2024,2,1,2,/spielbericht/index/spielbericht/4446796
10/30/2024 20:45,Arminia Bielefeld,1.FC Union Berlin,26117,2,0,2024,2,3,1,/spielbericht/index/spielbericht/4446787
10/30/2024 20:45,1.FSV Mainz 05,FC Bayern München,33000,0,4,2024,2,1,1,/spielbericht/index/spielbericht/4446792
10/30/2024 20:45,SG Dynamo Dresden,SV Darmstadt 98,30070,2,3,2024,2,3,2,/spielbericht/index/spielbericht/4446788
12/3/2024 18:00,Arminia Bielefeld,SC Freiburg,26311,3,1,2024,3,3,1,/spielbericht/index/spielbericht/4485931
12/3/2024 18:00,SSV Jahn Regensburg,VfB Stuttgart,15210,0,3,2024,3,2,1,/spielbericht/index/spielbericht/4485936
12/3/2024 20:45,FC Bayern München,Bayer 04 Leverkusen,75000,0,1,2024,3,1,1,/spielbericht/index/spielbericht/4485932
12/3/2024 20:45,SV Werder Bremen,SV Darmstadt 98,40000,1,0,2024,3,1,2,/spielbericht/index/spielbericht/4485933
12/4/2024 18:00,1.FC Köln,Hertha BSC,50000,2,1,2024,3,2,2,/spielbericht/index/spielbericht/4485937
12/4/2024 18:00,VfL Wolfsburg,TSG 1899 Hoffenheim,13909,3,0,2024,3,1,1,/spielbericht/index/spielbericht/4485939
12/4/2024 20:45,Karlsruher SC,FC Augsburg,28422,6,7,2024,3,2,1,/spielbericht/index/spielbericht/4485935
12/4/2024 20:45,RB Leipzig,Eintracht Frankfurt,37187,3,0,2024,3,1,1,/spielbericht/index/spielbericht/4485934
2/4/2025 20:45,VfB Stuttgart,FC Augsburg,59000,1,0,2024,4,1,1,/spielbericht/index/spielbericht/4511625
2/5/2025 20:45,Bayer 04 Leverkusen,1.FC Köln,30210,3,2,2024,4,1,2,/spielbericht/index/spielbericht/4511626
2/25/2025 20:45,Arminia Bielefeld,SV Werder Bremen,26601,2,1,2024,4,3,1,/spielbericht/index/spielbericht/4511624
2/26/2025 20:45,RB Leipzig,VfL Wolfsburg,40478,1,0,2024,4,1,1,/spielbericht/index/spielbericht/4511623
4/1/2025 20:45,Arminia Bielefeld,Bayer 04 Leverkusen,26601,2,1,2024,5,3,1,/spielbericht/index/spielbericht/4570631
4/2/2025 20:45,VfB Stuttgart,RB Leipzig,60000,3,1,2024,5,1,1,/spielbericht/index/spielbericht/4570630
5/24/2025 20:00,Arminia Bielefeld,VfB Stuttgart,0,2,4,2024,6,3,1,/spielbericht/index/spielbericht/4608956
